Card_id,Bname,Email,Street,City,State,Phone,Ssn
ID000001,Mark Morgan,mmorgan0@g.co,5677 Coolidge Street,Plano,TX,4699041438,850473740
ID000002,Eric Warren,ewarren1@ed.gov,9062 Schurz Drive,Dallas,TX,2147018127,256954382
ID000003,Robert Harper,rharper2@angelfire.com,7786 Sachs Place,Plano,TX,2148755911,256515268
ID000004,Donna Franklin,dfranklin3@alexa.com,3 Magdeline Terrace,Plano,TX,2148006127,976952914
ID000005,Linda King,lking4@illinois.edu,41260 Kedzie Terrace,Dallas,TX,4692132549,906633588
ID000006,Judy Holmes,jholmes5@github.io,6583 Manitowish Hill,Dallas,TX,9728985909,206267141
ID000007,Deborah Lawrence,dlawrence6@chicagotribune.com,2 Hermina Trail,Dallas,TX,9729002951,898613567
ID000008,Adam Johnston,ajohnston7@is.gd,05671 Norway Maple Court,Dallas,TX,4697430176,644250492
ID000009,Pamela Carr,pcarr8@stumbleupon.com,1848 Fordem Avenue,Richardson,TX,9722479852,678124697
ID000010,Daniel Fisher,dfisher9@liveinternet.ru,400 Cody Lane,Plano,TX,2148917743,562337951
ID000011,Stephen Fields,sfieldsa@sphinn.com,99 Fair Oaks Drive,Plano,TX,2148013069,441907753
ID000012,Walter Ferguson,wfergusonb@jalbum.net,814 Sutteridge Point,Dallas,TX,4699458172,305533736
ID000013,Paul Cook,pcookc@blogtalkradio.com,58295 Pierstorff Pass,Richardson,TX,4699320168,634616311
ID000014,Roy Smith,rsmithd@csmonitor.com,563 Fairview Park,Dallas,TX,2149114724,661246360
ID000015,Michelle Gardner,mgardnere@wordpress.org,28309 Paget Court,Plano,TX,4699742681,350838412
ID000016,George Powell,gpowellf@scribd.com,31 Clove Crossing,Dallas,TX,9728857291,439755475
ID000017,Nicholas Hudson,nhudsong@uol.com.br,29 Esker Trail,Dallas,TX,4696984000,431615822
ID000018,Linda Henderson,lhendersonh@mayoclinic.com,117 Katie Center,Dallas,TX,4699970832,879827179
ID000019,Gregory Fowler,gfowleri@foxnews.com,42454 Hermina Plaza,Dallas,TX,2149368301,484961826
ID000020,Carol Sanders,csandersj@usda.gov,99600 Moland Way,Dallas,TX,2147621061,562527080
ID000021,Mark Hamilton,mhamiltonk@deliciousdays.com,76425 Dixon Hill,Dallas,TX,9728027903,876615170
ID000022,Anthony Brown,abrownl@rakuten.co.jp,8691 Walton Terrace,Dallas,TX,9729473376,139711123
ID000023,James Rivera,jriveram@comsenz.com,4 Golden Leaf Trail,Dallas,TX,2147618129,239166210
ID000024,Tammy Cole,tcolen@toplist.cz,22 Atwood Parkway,Dallas,TX,4692921882,283067717
ID000025,Donald Bowman,dbowmano@goo.gl,196 Golf View Terrace,Dallas,TX,2149566083,371609878
ID000026,Susan Gomez,sgomezp@economist.com,601 Warbler Point,Richardson,TX,9728771341,438787652
ID000027,Juan Martin,jmartinq@craigslist.org,846 Johnson Circle,Dallas,TX,2148285694,893371519
ID000028,Samuel Bailey,sbaileyr@indiegogo.com,1367 Northport Drive,Dallas,TX,9729722250,434925388
ID000029,Paul White,pwhites@fc2.com,24775 Melvin Place,Dallas,TX,4694594087,444509807
ID000030,Gregory Clark,gclarkt@bloglines.com,259 Porter Avenue,Dallas,TX,9729795771,557410386
ID000031,Steven Wood,swoodu@shareasale.com,852 Darwin Alley,Dallas,TX,2149842801,123991439
ID000032,Jessica Fuller,jfullerv@bloglovin.com,975 Carpenter Parkway,Dallas,TX,9729565055,507262481
ID000033,Donna Greene,dgreenew@fema.gov,86 Delladonna Lane,Dallas,TX,4699696535,258335117
ID000034,Edward Ford,efordx@dropbox.com,34 Fulton Circle,Dallas,TX,2148691555,876944518
ID000035,Steve Torres,storresy@theguardian.com,781 Loeprich Alley,Dallas,TX,4699647789,153208011
ID000036,Alice Rivera,ariveraz@nasa.gov,79 Dayton Center,Dallas,TX,2148413416,881793670
ID000037,Jessica Freeman,jfreeman10@devhub.com,27997 Loftsgordon Lane,Dallas,TX,2148354205,878615560
ID000038,Kenneth Harrison,kharrison11@sitemeter.com,25074 Holmberg Park,Richardson,TX,9727741504,728844113
ID000039,Betty Austin,baustin12@nature.com,4 Schmedeman Terrace,Dallas,TX,9729277561,792174540
ID000040,Irene Gonzalez,igonzalez13@boston.com,820 Oxford Crossing,Dallas,TX,2148655203,433053698
ID000041,Charles Foster,cfoster14@mtv.com,850 Summerview Crossing,Dallas,TX,4699106688,132213747
ID000042,Gregory Perez,gperez15@myspace.com,57 Bluejay Pass,Dallas,TX,9724338549,457939804
ID000043,Jose Stone,jstone16@nhs.uk,93 Waywood Parkway,Dallas,TX,9729918017,906161095
ID000044,Patrick Moore,pmoore17@baidu.com,78 Crest Line Road,Dallas,TX,2149502446,882366316
ID000045,Louis Lynch,llynch18@zimbio.com,12197 Kinsman Center,Dallas,TX,4698204208,728963473
ID000046,Matthew Snyder,msnyder19@google.com.au,169 Mayfield Park,Richardson,TX,4698555018,377441238
ID000047,Sara Wagner,swagner1a@addtoany.com,24827 Twin Pines Junction,Richardson,TX,4699145869,582627069
ID000048,Louise Long,llong1b@gov.uk,6 Haas Center,Dallas,TX,2149390517,577822947
ID000049,Judy Hamilton,jhamilton1c@domainmarket.com,65364 Mosinee Center,Dallas,TX,9728472849,216536968
ID000050,Evelyn Young,eyoung1d@java.com,4788 South Street,Dallas,TX,2148649776,202403427
ID000051,James Moore,jmoore1e@wix.com,9089 Lunder Parkway,Dallas,TX,4698304056,897568517
ID000052,Clarence Romero,cromero1f@tumblr.com,68501 Michigan Street,Plano,TX,9729821803,923847867
ID000053,Jennifer Smith,jsmith1g@opensource.org,3 Cordelia Terrace,Dallas,TX,4699635598,539630143
ID000054,Jack Baker,jbaker1h@sina.com.cn,01441 Eastlawn Place,Dallas,TX,9729091277,636251591
ID000055,Amy Nguyen,anguyen1i@usa.gov,79 Rigney Circle,Dallas,TX,2149052261,622935915
ID000056,Maria Stevens,mstevens1j@tiny.cc,5348 David Point,Plano,TX,9729925831,823008890
ID000057,Teresa Carpenter,tcarpenter1k@angelfire.com,6280 Spenser Lane,Dallas,TX,9729082593,534077079
ID000058,Roy Arnold,rarnold1l@samsung.com,7548 Dunning Junction,Richardson,TX,2149909053,203688563
ID000059,Randy Stewart,rstewart1m@telegraph.co.uk,5004 Emmet Park,Dallas,TX,4694222991,457751314
ID000060,Brenda Fernandez,bfernandez1n@upenn.edu,335 Forster Alley,Dallas,TX,2149206944,524730400
ID000061,Janet Thompson,jthompson1o@cbslocal.com,1 Chinook Place,Plano,TX,9729868081,344668375
ID000062,Billy Ortiz,bortiz1p@privacy.gov.au,4 Hintze Court,Dallas,TX,4698081346,716553314
ID000063,Edward Hawkins,ehawkins1q@wix.com,96231 Northland Plaza,Dallas,TX,9727983752,869295873
ID000064,Mark Morgan,mmorgan1r@ed.gov,5 Miller Lane,Dallas,TX,4697846546,218816261
ID000065,Carolyn Morgan,cmorgan1s@dedecms.com,975 Golf View Place,Dallas,TX,4696748726,913501956
ID000066,Tina Weaver,tweaver1t@zdnet.com,5414 Green Ridge Street,Dallas,TX,4698400879,749408693
ID000067,Eric Taylor,etaylor1u@mozilla.org,6 Fisk Pass,Dallas,TX,2147147652,992926136
ID000068,Ruth Henry,rhenry1v@behance.net,84 Hermina Street,Dallas,TX,9729342054,378071662
ID000069,Phillip Perkins,pperkins1w@ezinearticles.com,84771 Bartelt Trail,Dallas,TX,2149174226,388449990
ID000070,Annie Welch,awelch1x@ftc.gov,80 Stuart Road,Dallas,TX,9725161320,288230361
ID000071,Lois Hunter,lhunter1y@vimeo.com,49 Blaine Lane,Plano,TX,9728091141,509441761
ID000072,Lisa Cook,lcook1z@netscape.com,4412 Lakewood Gardens Plaza,Richardson,TX,9726539871,704795907
ID000073,Kathleen Harvey,kharvey20@foxnews.com,13 Grayhawk Hill,Dallas,TX,4695477753,948308402
ID000074,Diane Stevens,dstevens21@home.pl,0091 American Circle,Dallas,TX,4699421364,651576305
ID000075,Samuel Young,syoung22@pcworld.com,0157 Holmberg Street,Richardson,TX,4699185729,908632676
ID000076,Mark Riley,mriley23@theglobeandmail.com,4900 Thompson Court,Dallas,TX,9727672036,727253782
ID000077,Bonnie Ross,bross24@discovery.com,0 Walton Court,Richardson,TX,9727666908,775325935
ID000078,Elizabeth Arnold,earnold25@bloglovin.com,952 Sage Pass,Dallas,TX,2149672424,402350549
ID000079,John Walker,jwalker26@fastcompany.com,2 Packers Crossing,Dallas,TX,4697965094,270866950
ID000080,William Simmons,wsimmons27@webeden.co.uk,1232 Hayes Crossing,Dallas,TX,9729037706,982119636
ID000081,Lisa Kelley,lkelley28@storify.com,3718 Twin Pines Way,Dallas,TX,9729000487,757385276
ID000082,Carl Larson,clarson29@sohu.com,096 Goodland Parkway,Dallas,TX,4695502228,980242372
ID000083,Brandon Anderson,banderson2a@cargocollective.com,8 Leroy Circle,Dallas,TX,4699939270,444734007
ID000084,Gloria Myers,gmyers2b@wufoo.com,03 Elmside Center,Plano,TX,4698533967,278334174
ID000085,Daniel Freeman,dfreeman2c@dell.com,9584 Elka Place,Dallas,TX,9727699270,772259640
ID000086,Judith Mitchell,jmitchell2d@vimeo.com,2506 Merchant Terrace,Dallas,TX,9729029669,232984647
ID000087,Alan King,aking2e@meetup.com,958 Burrows Street,Dallas,TX,2145835636,937385159
ID000088,Steve Phillips,sphillips2f@reverbnation.com,45557 Jana Court,Dallas,TX,9729379620,327803166
ID000089,Brenda Butler,bbutler2g@google.com.br,5 Calypso Avenue,Dallas,TX,9728926177,405927423
ID000090,Patricia Spencer,pspencer2h@psu.edu,65143 Union Lane,Dallas,TX,2149099264,133378900
ID000091,Larry Olson,lolson2i@cargocollective.com,50299 Lien Parkway,Dallas,TX,9729657073,227646193
ID000092,Victor Sullivan,vsullivan2j@yahoo.com,272 Milwaukee Point,Plano,TX,9727594852,272416460
ID000093,Kathryn Taylor,ktaylor2k@weather.com,2952 Thackeray Point,Dallas,TX,2148620958,318950284
ID000094,Rachel Little,rlittle2l@histats.com,755 Kropf Pass,Dallas,TX,9727977226,729228562
ID000095,Donald Richardson,drichardson2m@sun.com,951 Chive Avenue,Dallas,TX,9729346450,783549793
ID000096,Stephen Chapman,schapman2n@techcrunch.com,0 Lunder Alley,Dallas,TX,2149871376,131525777
ID000097,Harold Richardson,hrichardson2o@t-online.de,76743 Burrows Court,Dallas,TX,4698991924,335185473
ID000098,Ernest Palmer,epalmer2p@360.cn,6 Upham Drive,Dallas,TX,9729422638,933152171
ID000099,Pamela Matthews,pmatthews2q@ustream.tv,2 Green Lane,Dallas,TX,2149440666,595383883
ID000100,Jason Campbell,jcampbell2r@mozilla.com,6 Raven Court,Dallas,TX,9728114885,808447643
ID000101,Joyce Fuller,jfuller2s@theguardian.com,45900 Iowa Way,Dallas,TX,4699063524,924160243
ID000102,Andrea Bailey,abailey2t@squidoo.com,33 Cardinal Alley,Richardson,TX,9728465566,348539608
ID000103,Denise Perry,dperry2u@google.es,68 Old Shore Lane,Dallas,TX,2149913418,379160722
ID000104,Michael Jacobs,mjacobs2v@themeforest.net,0 Brentwood Place,Richardson,TX,4699249727,997924787
ID000105,Catherine Reid,creid2w@ezinearticles.com,41544 Anniversary Crossing,Plano,TX,2149488236,664955489
ID000106,Aaron Romero,aromero2x@cam.ac.uk,844 Union Way,Dallas,TX,9725355154,424122851
ID000107,John Warren,jwarren2y@sciencedirect.com,9127 Farragut Center,Dallas,TX,4699235725,295193279
ID000108,Steve Garrett,sgarrett2z@google.nl,729 Kenwood Court,Richardson,TX,2147031311,806922733
ID000109,Jimmy Ellis,jellis30@deliciousdays.com,8 Nevada Place,Dallas,TX,9727428738,466926624
ID000110,Jose Perez,jperez31@webmd.com,4463 Commercial Circle,Richardson,TX,4698523133,454648101
ID000111,Katherine Dean,kdean32@nature.com,4978 Cordelia Way,Dallas,TX,9728867232,909186864
ID000112,Ashley Jackson,ajackson33@whitehouse.gov,676 David Road,Dallas,TX,4699760450,203549198
ID000113,Kathryn Hart,khart34@imdb.com,29 Dexter Circle,Dallas,TX,9729003590,177458737
ID000114,Dennis Ruiz,druiz35@nymag.com,18784 Browning Circle,Dallas,TX,9729741505,279966074
ID000115,Sharon Cox,scox36@upenn.edu,4 Hoffman Street,Dallas,TX,2149150820,561913511
ID000116,Ruby Burke,rburke37@nytimes.com,5 Swallow Avenue,Dallas,TX,9729288965,325124236
ID000117,Jerry Stewart,jstewart38@aboutads.info,54494 Kenwood Trail,Dallas,TX,4698175662,537250563
ID000118,Howard Fisher,hfisher39@wisc.edu,2 Reinke Lane,Plano,TX,9723256683,508365238
ID000119,Eric Phillips,ephillips3a@telegraph.co.uk,578 Westend Pass,Dallas,TX,9728930831,663897131
ID000120,Albert Cruz,acruz3b@google.co.uk,04 Shopko Way,Dallas,TX,9724714420,582890521
ID000121,Timothy Harrison,tharrison3c@posterous.com,04099 Anhalt Place,Dallas,TX,2148497879,112244907
ID000122,Ronald Phillips,rphillips3d@ox.ac.uk,4632 Brentwood Hill,Dallas,TX,4699454638,593248597
ID000123,Antonio Bishop,abishop3e@google.com,212 Memorial Lane,Richardson,TX,4698358047,152069743
ID000124,Howard Green,hgreen3f@dyndns.org,9 Florence Trail,Dallas,TX,2148758195,917730651
ID000125,Willie Murphy,wmurphy3g@technorati.com,09 Loeprich Parkway,Richardson,TX,2149545495,550664068
ID000126,Christine Washington,cwashington3h@goo.gl,95086 Eliot Alley,Dallas,TX,4698445383,151320622
ID000127,Angela Ellis,aellis3i@irs.gov,61 Chinook Avenue,Dallas,TX,4699127557,363529311
ID000128,Kathy Wagner,kwagner3j@alibaba.com,1 Columbus Crossing,Plano,TX,2149582980,498979543
ID000129,Antonio Carr,acarr3k@livejournal.com,6996 Arizona Avenue,Dallas,TX,4697240803,109593700
ID000130,Samuel Ellis,sellis3l@domainmarket.com,69968 Meadow Ridge Alley,Dallas,TX,4699578249,919117074
ID000131,Bruce Williamson,bwilliamson3m@fc2.com,51 Maywood Place,Richardson,TX,2149696651,532193189
ID000132,Ruby Mcdonald,rmcdonald3n@qq.com,031 Ohio Lane,Dallas,TX,2149705621,186612257
ID000133,Jack Larson,jlarson3o@sourceforge.net,43086 Dexter Way,Dallas,TX,4699136292,758820981
ID000134,Tammy Hunter,thunter3p@google.ru,08 Marquette Pass,Dallas,TX,2149190495,789850156
ID000135,Mildred Richards,mrichards3q@t-online.de,6863 Warbler Crossing,Dallas,TX,4696367310,144612857
ID000136,Janet Dixon,jdixon3r@pbs.org,1 Ridgeway Terrace,Dallas,TX,9723819665,812344775
ID000137,Antonio Hamilton,ahamilton3s@bloglovin.com,2545 Lerdahl Center,Dallas,TX,2148866681,605135959
ID000138,Louise Jordan,ljordan3t@moonfruit.com,7326 Reindahl Point,Dallas,TX,9725189421,873831740
ID000139,Linda Hunt,lhunt3u@army.mil,710 Lighthouse Bay Point,Dallas,TX,9727547045,992254077
ID000140,Joan Webb,jwebb3v@amazon.com,90 Bashford Avenue,Dallas,TX,4699550632,222460064
ID000141,Kevin Frazier,kfrazier3w@g.co,47 Bluejay Hill,Dallas,TX,9729653683,135711523
ID000142,Todd Schmidt,tschmidt3x@adobe.com,4 Lakeland Pass,Dallas,TX,2149036828,490888407
ID000143,Andrea Sims,asims3y@paypal.com,898 Killdeer Pass,Dallas,TX,4699880761,797954607
ID000144,Barbara Brooks,bbrooks3z@tinypic.com,305 Mendota Plaza,Dallas,TX,4699588251,959243477
ID000145,Kenneth Anderson,kanderson40@smh.com.au,246 Shopko Drive,Richardson,TX,9729985406,600790040
ID000146,Jessica Knight,jknight41@admin.ch,36 Forest Park,Richardson,TX,4699610488,704596830
ID000147,Dorothy Adams,dadams42@reverbnation.com,2483 Melody Plaza,Richardson,TX,9728818472,542879344
ID000148,Phillip Adams,padams43@miibeian.gov.cn,4 Derek Point,Dallas,TX,9729180335,634808812
ID000149,James Carpenter,jcarpenter44@cyberchimps.com,6668 Ilene Court,Dallas,TX,2148208276,599726050
ID000150,Amy Lopez,alopez45@themeforest.net,715 Westend Avenue,Dallas,TX,4698301019,751570699
ID000151,Frank Gomez,fgomez46@unicef.org,61280 Mallory Parkway,Plano,TX,2149622973,570719526
ID000152,Debra Rogers,drogers47@weibo.com,4 Southridge Place,Richardson,TX,4697537894,585658864
ID000153,Aaron Chapman,achapman48@oakley.com,840 Messerschmidt Plaza,Dallas,TX,9727533651,784423645
ID000154,Jerry Cruz,jcruz49@utexas.edu,48314 Muir Crossing,Dallas,TX,2149738302,327002811
ID000155,Gerald Mccoy,gmccoy4a@archive.org,71113 Corry Circle,Plano,TX,4697583820,209645805
ID000156,Matthew Ward,mward4b@eepurl.com,3726 Oneill Terrace,Plano,TX,9726682488,352525321
ID000157,Marilyn Andrews,mandrews4c@last.fm,61664 Warrior Street,Dallas,TX,9728314215,312336562
ID000158,Lawrence Coleman,lcoleman4d@techcrunch.com,0 Scoville Plaza,Plano,TX,4699873187,585358539
ID000159,Sarah Burton,sburton4e@cnbc.com,65230 Prairie Rose Point,Plano,TX,9727360106,766726736
ID000160,Gerald White,gwhite4f@ocn.ne.jp,82 Delaware Plaza,Plano,TX,2147745757,519221664
ID000161,Shawn Robertson,srobertson4g@lulu.com,9 Troy Alley,Dallas,TX,2149439366,811232706
ID000162,Samuel Arnold,sarnold4h@google.com.br,1748 Monterey Road,Dallas,TX,4697415231,983171073
ID000163,Ruby Mcdonald,rmcdonald4i@sohu.com,00621 Killdeer Crossing,Dallas,TX,4699415043,153095087
ID000164,Lillian Kim,lkim4j@npr.org,47585 Nova Drive,Dallas,TX,2147402312,208162580
ID000165,Pamela Bradley,pbradley4k@disqus.com,2 Lakewood Gardens Place,Richardson,TX,4698713326,604544201
ID000166,Ralph Chavez,rchavez4l@eventbrite.com,15739 Vera Plaza,Dallas,TX,2145985319,764512571
ID000167,Martin Richards,mrichards4m@mysql.com,8 New Castle Trail,Dallas,TX,4699760263,102721991
ID000168,Chris Simmons,csimmons4n@canalblog.com,46833 Farmco Junction,Dallas,TX,4698100333,743821324
ID000169,Martin Stevens,mstevens4o@berkeley.edu,573 Oneill Hill,Dallas,TX,4695702393,915276165
ID000170,Lisa West,lwest4p@globo.com,55586 Ronald Regan Lane,Dallas,TX,9729984345,615688488
ID000171,Daniel Marshall,dmarshall4q@de.vu,3 Manitowish Crossing,Dallas,TX,4697304725,538661965
ID000172,John Hicks,jhicks4r@spotify.com,81 Northfield Place,Richardson,TX,9727271591,981953778
ID000173,Roger Harrison,rharrison4s@rakuten.co.jp,9 Meadow Vale Drive,Dallas,TX,4699415954,802736786
ID000174,Teresa Thompson,tthompson4t@networkadvertising.org,06364 Gerald Street,Dallas,TX,9726701547,777087277
ID000175,Arthur Freeman,afreeman4u@trellian.com,51652 Russell Street,Dallas,TX,4699944509,445902407
ID000176,Howard Simpson,hsimpson4v@yellowpages.com,95 Redwing Lane,Dallas,TX,9729100392,909023006
ID000177,Christopher Spencer,cspencer4w@uol.com.br,6 Northfield Crossing,Dallas,TX,2148219650,790101835
ID000178,Theresa Wood,twood4x@jigsy.com,0420 Westport Circle,Dallas,TX,4699941901,847641856
ID000179,Lillian Wright,lwright4y@ebay.com,82972 Raven Road,Dallas,TX,9729605502,930978594
ID000180,Sara Rogers,srogers4z@google.fr,7 Twin Pines Circle,Dallas,TX,2149845323,823594050
ID000181,Linda Richards,lrichards50@pagesperso-orange.fr,046 Harper Center,Dallas,TX,2149982489,831372302
ID000182,Albert Cunningham,acunningham51@shutterfly.com,414 Summer Ridge Trail,Richardson,TX,9727163924,139708042
ID000183,Debra Holmes,dholmes52@chron.com,22 Bluejay Road,Plano,TX,9729548773,611169228
ID000184,Jason Davis,jdavis53@qq.com,82931 Cardinal Junction,Dallas,TX,2149699787,248335177
ID000185,Justin Fowler,jfowler54@privacy.gov.au,1958 Leroy Way,Dallas,TX,9729152410,399388513
ID000186,Catherine Harris,charris55@so-net.ne.jp,4091 Doe Crossing Alley,Plano,TX,4699687984,515584650
ID000187,Gary Reyes,greyes56@wufoo.com,06 Shelley Parkway,Dallas,TX,9729852014,911946409
ID000188,Clarence Harvey,charvey57@vinaora.com,637 Blackbird Crossing,Dallas,TX,9727358046,952372293
ID000189,Kathleen Lynch,klynch58@tripod.com,0 Northview Center,Dallas,TX,4698589821,866263470
ID000190,Angela Myers,amyers59@unblog.fr,07 Jenifer Point,Plano,TX,2149963258,696871283
ID000191,Paula Roberts,proberts5a@about.me,2025 Annamark Court,Richardson,TX,2149191512,525300056
ID000192,Marie Hudson,mhudson5b@go.com,35523 Fulton Point,Richardson,TX,9729550047,455251300
ID000193,Victor George,vgeorge5c@paypal.com,16 Butterfield Place,Plano,TX,4699820024,300833012
ID000194,Judith Lane,jlane5d@miibeian.gov.cn,59463 Havey Center,Dallas,TX,4699621701,568537223
ID000195,Steven Carpenter,scarpenter5e@china.com.cn,64 Rutledge Court,Richardson,TX,9727592760,219131583
ID000196,Beverly Welch,bwelch5f@pinterest.com,0 7th Point,Richardson,TX,2147582027,628419882
ID000197,Chris Cox,ccox5g@wix.com,386 Coleman Avenue,Richardson,TX,2149021149,553830248
ID000198,Heather Duncan,hduncan5h@constantcontact.com,3 Acker Avenue,Richardson,TX,9729062444,664423811
ID000199,Helen Cooper,hcooper5i@intel.com,90887 Ohio Trail,Dallas,TX,2147239307,932052280
ID000200,Linda Dixon,ldixon5j@simplemachines.org,0506 Boyd Plaza,Richardson,TX,2149400096,359156568
ID000201,Eric Wood,ewood5k@cnbc.com,730 Bonner Hill,Dallas,TX,9729597132,377036374
ID000202,Brenda Brooks,bbrooks5l@kickstarter.com,4 Pennsylvania Hill,Dallas,TX,9729605440,956775994
ID000203,Fred Crawford,fcrawford5m@fastcompany.com,00 Mariners Cove Terrace,Dallas,TX,9729781543,262729956
ID000204,Alan Morris,amorris5n@businesswire.com,2238 Debra Center,Dallas,TX,4697013591,935261044
ID000205,Jimmy Watkins,jwatkins5o@msn.com,91873 Colorado Crossing,Dallas,TX,4699333579,575573479
ID000206,Keith Fisher,kfisher5p@ehow.com,2 Muir Crossing,Richardson,TX,9729991883,534352839
ID000207,Rose Oliver,roliver5q@reference.com,3152 Thackeray Point,Dallas,TX,2149719384,487483434
ID000208,Johnny Vasquez,jvasquez5r@diigo.com,809 Grover Circle,Dallas,TX,9728435554,282195051
ID000209,Judith Dunn,jdunn5s@huffingtonpost.com,337 Northview Point,Dallas,TX,9729991156,198526239
ID000210,Roger Freeman,rfreeman5t@opensource.org,13 Farmco Way,Dallas,TX,4698549842,165453343
ID000211,Richard Bailey,rbailey5u@fc2.com,3108 Browning Park,Richardson,TX,2147180392,983870005
ID000212,Ernest Palmer,epalmer5v@japanpost.jp,66600 Pleasure Drive,Dallas,TX,2142381120,387201613
ID000213,Janice Long,jlong5w@xrea.com,26577 Laurel Road,Dallas,TX,2149720889,440220860
ID000214,Thomas Schmidt,tschmidt5x@ucoz.ru,0 New Castle Crossing,Plano,TX,4697459014,589602564
ID000215,Kathryn Hayes,khayes5y@usa.gov,18504 Basil Hill,Dallas,TX,4698317793,564077138
ID000216,Chris Perkins,cperkins5z@nasa.gov,14865 John Wall Center,Plano,TX,9729573368,106588800
ID000217,Thomas Scott,tscott60@cpanel.net,449 Schurz Parkway,Dallas,TX,4699145396,664128122
ID000218,Judy Richards,jrichards61@narod.ru,9420 Main Hill,Dallas,TX,4698718324,394694479
ID000219,Janice Garrett,jgarrett62@naver.com,2998 Chive Place,Dallas,TX,2148096943,977891063
ID000220,Raymond Peterson,rpeterson63@friendfeed.com,892 Fairfield Point,Richardson,TX,4699475199,720120662
ID000221,Marilyn Williams,mwilliams64@blinklist.com,0 John Wall Circle,Dallas,TX,2149928183,344038015
ID000222,Teresa Reid,treid65@baidu.com,9224 Manufacturers Terrace,Dallas,TX,9724576436,166809145
ID000223,Irene Medina,imedina66@hhs.gov,51 Southridge Pass,Dallas,TX,9729943852,628544529
ID000224,Linda Carpenter,lcarpenter67@flavors.me,43 Dovetail Road,Dallas,TX,9728668440,763925219
ID000225,Jonathan Harrison,jharrison68@hp.com,113 Havey Crossing,Plano,TX,4699002769,468306717
ID000226,Laura Graham,lgraham69@rakuten.co.jp,72346 Emmet Place,Dallas,TX,4698924249,716635871
ID000227,Sharon Pierce,spierce6a@dmoz.org,9 Clove Trail,Dallas,TX,9729305410,462648746
ID000228,Katherine Boyd,kboyd6b@cafepress.com,90 Park Meadow Junction,Dallas,TX,2146525153,890274530
ID000229,Brian Perkins,bperkins6c@adobe.com,5988 Havey Street,Dallas,TX,9729732502,875977822
ID000230,Eric Cooper,ecooper6d@studiopress.com,7 Granby Road,Dallas,TX,9729702642,867848327
ID000231,Randy Stanley,rstanley6e@cbsnews.com,94552 Linden Court,Dallas,TX,9728158835,907941254
ID000232,Pamela Gutierrez,pgutierrez6f@cdbaby.com,50236 Goodland Lane,Plano,TX,9729682569,319592633
ID000233,Keith Perkins,kperkins6g@mayoclinic.com,9543 Farragut Road,Richardson,TX,2148040599,145928000
ID000234,Scott Spencer,sspencer6h@edublogs.org,5 Lukken Junction,Dallas,TX,2147014621,361703782
ID000235,Todd Bryant,tbryant6i@lycos.com,418 Onsgard Hill,Dallas,TX,2149807359,992964866
ID000236,Jose Anderson,janderson6j@comsenz.com,2705 Ohio Junction,Dallas,TX,2145302752,916548159
ID000237,Amanda Davis,adavis6k@studiopress.com,1636 Norway Maple Place,Plano,TX,4699135733,133834824
ID000238,Richard Cruz,rcruz6l@sina.com.cn,69 Marquette Park,Richardson,TX,4699027741,712128661
ID000239,Sara Walker,swalker6m@bloomberg.com,18924 3rd Circle,Dallas,TX,9729327544,325772883
ID000240,Gloria Sanders,gsanders6n@blog.com,36961 Green Ridge Place,Dallas,TX,2149373306,974709717
ID000241,Jonathan Harris,jharris6o@freewebs.com,286 Merry Way,Dallas,TX,4698734473,584043187
ID000242,Juan Fields,jfields6p@nationalgeographic.com,291 Marquette Parkway,Richardson,TX,9729167303,152313951
ID000243,Wanda Mills,wmills6q@twitter.com,79024 Surrey Way,Dallas,TX,4699206298,950883244
ID000244,Karen Davis,kdavis6r@discuz.net,83 Holy Cross Drive,Dallas,TX,9728905755,315120643
ID000245,Scott Montgomery,smontgomery6s@squarespace.com,96247 Oriole Circle,Dallas,TX,9729295312,328212988
ID000246,Michael Stevens,mstevens6t@reuters.com,356 Shoshone Drive,Dallas,TX,4698035017,752038294
ID000247,Andrea Baker,abaker6u@ning.com,90 Heath Drive,Dallas,TX,4699301109,223105941
ID000248,Marilyn Alexander,malexander6v@goo.gl,443 Dottie Circle,Dallas,TX,9724062617,383362902
ID000249,Harry Alvarez,halvarez6w@blogspot.com,636 Express Way,Dallas,TX,2149545716,556967003
ID000250,Rose Peterson,rpeterson6x@unesco.org,034 Shelley Drive,Dallas,TX,9728614171,760251865
ID000251,Barbara Garcia,bgarcia6y@chicagotribune.com,5690 Acker Road,Dallas,TX,4695178843,196060978
ID000252,Ann Berry,aberry6z@wix.com,37940 Morning Hill,Dallas,TX,9729187984,140562974
ID000253,Paul Turner,pturner70@eventbrite.com,75287 Pleasure Place,Dallas,TX,9727826768,493924232
ID000254,Theresa Day,tday71@skyrock.com,9 American Ash Crossing,Dallas,TX,9729094722,353189662
ID000255,Andrew Gilbert,agilbert72@npr.org,8 American Parkway,Dallas,TX,9728342804,926428995
ID000256,Alice Turner,aturner73@seesaa.net,4 Namekagon Lane,Dallas,TX,2146606741,741117814
ID000257,Julie Smith,jsmith74@nydailynews.com,61345 Namekagon Place,Dallas,TX,4698612346,700238477
ID000258,Alice Carr,acarr75@devhub.com,7564 Ohio Plaza,Dallas,TX,2145491687,390308158
ID000259,Harry Baker,hbaker76@hostgator.com,7 Straubel Center,Plano,TX,4695905412,941057192
ID000260,Donna Cooper,dcooper77@scientificamerican.com,1629 Summer Ridge Plaza,Dallas,TX,4699573027,949376371
ID000261,Laura Rogers,lrogers78@google.co.jp,7776 Summer Ridge Court,Dallas,TX,9727307675,947047262
ID000262,Jessica Hicks,jhicks79@chron.com,17138 Ryan Circle,Dallas,TX,4698156162,443615562
ID000263,George Turner,gturner7a@opera.com,4 Quincy Pass,Richardson,TX,2149582175,428097397
ID000264,Joan Watkins,jwatkins7b@phoca.cz,9601 Lerdahl Pass,Plano,TX,2148149170,354538826
ID000265,Andrea Gonzalez,agonzalez7c@jiathis.com,127 Russell Hill,Dallas,TX,9728095959,757213141
ID000266,Billy Little,blittle7d@spiegel.de,46 Autumn Leaf Junction,Dallas,TX,9729866001,924179942
ID000267,Teresa Marshall,tmarshall7e@opensource.org,2 Sheridan Trail,Dallas,TX,4698842394,778686617
ID000268,Benjamin Lynch,blynch7f@newyorker.com,53 Tennyson Park,Dallas,TX,4698779851,431200144
ID000269,Nancy Dixon,ndixon7g@instagram.com,4 Dwight Street,Dallas,TX,9727703641,851350300
ID000270,Jean Dunn,jdunn7h@stanford.edu,4 North Street,Dallas,TX,4699956149,583406101
ID000271,Anthony Gardner,agardner7i@bizjournals.com,9823 Donald Terrace,Dallas,TX,9724323180,125985061
ID000272,Benjamin Morrison,bmorrison7j@parallels.com,21 Oriole Terrace,Dallas,TX,2144096322,750841386
ID000273,Anne Dixon,adixon7k@free.fr,9579 Browning Crossing,Dallas,TX,9729076080,319093742
ID000274,Denise Wallace,dwallace7l@ovh.net,6021 Portage Park,Dallas,TX,9729404355,585900674
ID000275,Linda Owens,lowens7m@marketwatch.com,13 Monterey Alley,Richardson,TX,2148363577,416383510
ID000276,Larry Warren,lwarren7n@princeton.edu,2657 Mitchell Hill,Plano,TX,9729387212,614685656
ID000277,Edward Hunt,ehunt7o@wufoo.com,6 Claremont Avenue,Dallas,TX,9727631900,984488111
ID000278,Harry Mcdonald,hmcdonald7p@webnode.com,22283 Farragut Place,Plano,TX,2148733156,446204077
ID000279,Lawrence Wells,lwells7q@slate.com,841 Delaware Place,Dallas,TX,2149767034,154671759
ID000280,Martin Fuller,mfuller7r@altervista.org,53309 Buhler Place,Dallas,TX,4696673361,218701729
ID000281,Roger Ellis,rellis7s@mashable.com,74213 Charing Cross Circle,Dallas,TX,9729767863,685992971
ID000282,Patrick Moreno,pmoreno7t@youtube.com,490 Rockefeller Lane,Dallas,TX,9729555269,551990871
ID000283,Andrew Cole,acole7u@ning.com,30 Sunfield Pass,Plano,TX,2148797342,156646797
ID000284,Joan Hudson,jhudson7v@scribd.com,4 Everett Court,Dallas,TX,2149541417,704857803
ID000285,Chris Powell,cpowell7w@cloudflare.com,4 Jenifer Circle,Dallas,TX,4697267925,491796292
ID000286,Anna Perez,aperez7x@tiny.cc,1241 Graceland Court,Dallas,TX,4699962325,164908064
ID000287,Debra Gray,dgray7y@ucla.edu,251 Monterey Hill,Dallas,TX,4699734499,857940950
ID000288,Annie Shaw,ashaw7z@de.vu,561 Cody Crossing,Plano,TX,2147641587,581462753
ID000289,Shawn Martinez,smartinez80@flickr.com,19 Lunder Park,Dallas,TX,4699864161,300468310
ID000290,Mary Graham,mgraham81@shutterfly.com,701 Cordelia Court,Dallas,TX,2146870840,691971438
ID000291,Janet West,jwest82@wikimedia.org,2308 Division Center,Dallas,TX,2149780541,239904011
ID000292,Aaron Arnold,aarnold83@instagram.com,5886 Banding Trail,Dallas,TX,2149555863,702604201
ID000293,Justin Brown,jbrown84@vistaprint.com,611 Green Plaza,Plano,TX,2149016023,253170796
ID000294,George Torres,gtorres85@dropbox.com,64206 Calypso Hill,Dallas,TX,9729254199,547069057
ID000295,Brian Romero,bromero86@bing.com,4418 Green Ridge Terrace,Dallas,TX,4698259159,722289325
ID000296,Lawrence Morris,lmorris87@ucoz.ru,42 Magdeline Pass,Dallas,TX,2149422979,488011020
ID000297,Patrick Garcia,pgarcia88@cornell.edu,1 Nevada Parkway,Dallas,TX,4698276118,947939771
ID000298,Ashley Moreno,amoreno89@sakura.ne.jp,067 Morning Park,Dallas,TX,4698696226,708326866
ID000299,Aaron Ellis,aellis8a@xing.com,1925 Grasskamp Alley,Dallas,TX,4699379272,421790842
ID000300,Jimmy James,jjames8b@shutterfly.com,3 Knutson Way,Dallas,TX,9729308175,554283296
ID000301,Maria Torres,mtorres8c@live.com,56168 Arizona Drive,Dallas,TX,2149318328,271284504
ID000302,Chris Owens,cowens8d@un.org,6 Browning Park,Dallas,TX,9727014889,453784845
ID000303,Elizabeth Harvey,eharvey8e@goo.ne.jp,1995 Nelson Park,Dallas,TX,9729929375,556279759
ID000304,Jane Baker,jbaker8f@hatena.ne.jp,0062 Sunbrook Junction,Dallas,TX,4697546653,212619406
ID000305,Lisa Kelley,lkelley8g@cdbaby.com,272 Larry Drive,Dallas,TX,4699306637,142068429
ID000306,Jonathan Diaz,jdiaz8h@foxnews.com,18283 Brown Center,Dallas,TX,4699402479,205626313
ID000307,Mildred Allen,mallen8i@merriam-webster.com,5734 La Follette Point,Dallas,TX,4699462268,592939926
ID000308,Linda Rogers,lrogers8j@vimeo.com,0590 Northport Drive,Dallas,TX,9729471564,714971208
ID000309,Gary Garrett,ggarrett8k@wufoo.com,5285 2nd Court,Dallas,TX,4699392476,949181878
ID000310,Earl Hall,ehall8l@ifeng.com,7755 Park Meadow Way,Dallas,TX,2148820672,454365067
ID000311,Benjamin Bailey,bbailey8m@sina.com.cn,72101 Elmside Parkway,Dallas,TX,2148963364,586204125
ID000312,Angela Graham,agraham8n@pinterest.com,5 High Crossing Crossing,Richardson,TX,9728781468,853104620
ID000313,Dennis Hunter,dhunter8o@marriott.com,7 2nd Place,Plano,TX,4699678745,132687899
ID000314,Matthew Stevens,mstevens8p@liveinternet.ru,9603 Hansons Way,Dallas,TX,4698613808,618212736
ID000315,Annie Freeman,afreeman8q@dot.gov,7466 Gulseth Alley,Dallas,TX,9729210146,852750048
ID000316,Richard Lawson,rlawson8r@opera.com,792 Dottie Circle,Dallas,TX,2145459387,652374979
ID000317,Susan Allen,sallen8s@github.io,6 Morrow Alley,Dallas,TX,2147480451,953353551
ID000318,Rose Coleman,rcoleman8t@theglobeandmail.com,26094 Loomis Alley,Dallas,TX,4698192212,269554900
ID000319,Kathy Elliott,kelliott8u@privacy.gov.au,28 Boyd Pass,Dallas,TX,4699960439,398575624
ID000320,Teresa Brooks,tbrooks8v@ask.com,57699 Oak Circle,Richardson,TX,9727314160,769136801
ID000321,Julie Lane,jlane8w@so-net.ne.jp,8261 Magdeline Road,Dallas,TX,2149308339,781652211
ID000322,Jessica Day,jday8x@eventbrite.com,80 Cascade Junction,Dallas,TX,2149471788,880145596
ID000323,Billy Cruz,bcruz8y@narod.ru,75 Mosinee Court,Dallas,TX,2147975929,472473959
ID000324,Martha Mccoy,mmccoy8z@google.ca,74 Claremont Park,Dallas,TX,2149151572,628104874
ID000325,Frances Long,flong90@usgs.gov,0 Schlimgen Alley,Dallas,TX,2149514800,799418699
ID000326,Carolyn Duncan,cduncan91@google.com.au,1 Merry Place,Dallas,TX,2142798556,826574791
ID000327,Ryan Mendoza,rmendoza92@cyberchimps.com,9 Myrtle Way,Dallas,TX,2148671887,497334483
ID000328,Jerry Oliver,joliver93@ezinearticles.com,0 Vera Alley,Dallas,TX,4697348276,733614241
ID000329,Juan Smith,jsmith94@ucoz.ru,3 Dixon Parkway,Dallas,TX,2149099366,669726189
ID000330,Marilyn White,mwhite95@stumbleupon.com,769 Mayfield Center,Dallas,TX,9729330968,867234679
ID000331,Anne Moreno,amoreno96@kickstarter.com,60 Raven Pass,Dallas,TX,2148860662,410608961
ID000332,Ruby Greene,rgreene97@mediafire.com,328 Fallview Center,Richardson,TX,2148727995,381839299
ID000333,Shawn Rivera,srivera98@smh.com.au,8 American Hill,Dallas,TX,9725282505,186538147
ID000334,Tina Hamilton,thamilton99@tinyurl.com,24695 Di Loreto Crossing,Dallas,TX,9727556424,100082010
ID000335,Benjamin Graham,bgraham9a@bloomberg.com,08 New Castle Avenue,Dallas,TX,2149834311,166295051
ID000336,Doris Bailey,dbailey9b@huffingtonpost.com,5773 Eastlawn Center,Dallas,TX,4698011479,869236916
ID000337,Jason Washington,jwashington9c@nydailynews.com,3225 Vera Lane,Richardson,TX,9729310247,242209101
ID000338,Evelyn Wilson,ewilson9d@fema.gov,9873 Kim Center,Richardson,TX,4699015209,456040469
ID000339,Steve Cunningham,scunningham9e@google.nl,5615 Mcbride Park,Dallas,TX,2148833172,812937575
ID000340,Henry Howard,hhoward9f@wired.com,9 Lakewood Avenue,Dallas,TX,2148486192,696314035
ID000341,Timothy Crawford,tcrawford9g@earthlink.net,39384 Tony Terrace,Dallas,TX,9727292932,399880576
ID000342,Todd Rose,trose9h@fema.gov,8 Mosinee Plaza,Plano,TX,4698932893,342525404
ID000343,Mary Nelson,mnelson9i@tinypic.com,8 Colorado Avenue,Dallas,TX,2142414452,699259472
ID000344,Jason Watkins,jwatkins9j@jugem.jp,74155 Welch Terrace,Dallas,TX,9729151343,188143830
ID000345,Kathy Cole,kcole9k@macromedia.com,8600 Anniversary Pass,Dallas,TX,2149937915,562735031
ID000346,Albert Reyes,areyes9l@nbcnews.com,43 Transport Pass,Dallas,TX,4698084965,633542851
ID000347,Aaron Harvey,aharvey9m@nsw.gov.au,1807 Prairieview Pass,Dallas,TX,2146329282,256935132
ID000348,Jack Ward,jward9n@independent.co.uk,5 Susan Plaza,Richardson,TX,9729184342,973816951
ID000349,Dorothy Spencer,dspencer9o@mozilla.com,90651 Bellgrove Junction,Dallas,TX,9728928862,324711906
ID000350,Lawrence Hunt,lhunt9p@gov.uk,2 Randy Court,Dallas,TX,9729624743,227595562
ID000351,Beverly Fernandez,bfernandez9q@jigsy.com,480 Toban Lane,Richardson,TX,4699753330,931624904
ID000352,Karen Johnston,kjohnston9r@usda.gov,3 Coleman Plaza,Dallas,TX,2147681518,625577457
ID000353,Howard Gonzalez,hgonzalez9s@usatoday.com,7699 Dakota Terrace,Dallas,TX,2149056019,285704379
ID000354,Dorothy Graham,dgraham9t@tinyurl.com,9 Mcguire Alley,Richardson,TX,4696194224,490164375
ID000355,Barbara Anderson,banderson9u@marketwatch.com,77 Ronald Regan Park,Richardson,TX,2149471531,246405583
ID000356,Frances Willis,fwillis9v@sina.com.cn,61438 Becker Park,Dallas,TX,4699005979,697566815
ID000357,Martha Arnold,marnold9w@buzzfeed.com,52279 Hauk Plaza,Dallas,TX,4699686237,878941305
ID000358,Maria Medina,mmedina9x@diigo.com,6 Gina Crossing,Dallas,TX,2148513813,721322687
ID000359,Jonathan Fox,jfox9y@photobucket.com,32 Springs Road,Dallas,TX,9729165884,842655010
ID000360,Carlos Carter,ccarter9z@gizmodo.com,96207 3rd Park,Dallas,TX,2149287624,657176421
ID000361,Adam Ferguson,afergusona0@ucoz.com,0 Summerview Court,Dallas,TX,2149575621,422817045
ID000362,Nicholas Wheeler,nwheelera1@mozilla.com,756 Pleasure Circle,Dallas,TX,4699733255,644090337
ID000363,Raymond Rogers,rrogersa2@who.int,16 Monument Parkway,Richardson,TX,4698879227,903981679
ID000364,Brandon Stevens,bstevensa3@narod.ru,94647 Village Junction,Dallas,TX,2146936689,847293619
ID000365,Lori Ferguson,lfergusona4@scribd.com,49 Sachtjen Crossing,Dallas,TX,2149681515,822625312
ID000366,Roy Turner,rturnera5@abc.net.au,61544 Talmadge Drive,Richardson,TX,4699275678,629419551
ID000367,Martha Warren,mwarrena6@meetup.com,94 Vahlen Hill,Dallas,TX,9727763863,235798503
ID000368,Ruby Anderson,randersona7@slashdot.org,0482 Haas Terrace,Dallas,TX,4698732923,265907820
ID000369,Steven Bailey,sbaileya8@mlb.com,8987 Lawn Park,Dallas,TX,4699388249,694920573
ID000370,Melissa Perkins,mperkinsa9@psu.edu,0039 Hanson Court,Dallas,TX,9729953027,143302355
ID000371,Ruby Ross,rrossaa@lycos.com,86591 Roxbury Circle,Dallas,TX,2149171080,344692006
ID000372,Billy King,bkingab@gnu.org,831 Sutherland Point,Plano,TX,2148466560,566647874
ID000373,Mildred Sanchez,msanchezac@storify.com,09 Annamark Circle,Dallas,TX,4698772424,163658067
ID000374,Linda Duncan,lduncanad@paypal.com,09159 Charing Cross Way,Dallas,TX,9728773172,588459557
ID000375,Janice Montgomery,jmontgomeryae@columbia.edu,661 Grasskamp Alley,Dallas,TX,2149058688,142746194
ID000376,Robin Cox,rcoxaf@naver.com,0 Gerald Court,Dallas,TX,9727221586,694583169
ID000377,Carol Howell,chowellag@webnode.com,273 Sullivan Lane,Richardson,TX,2148311374,513110091
ID000378,Doris Welch,dwelchah@netscape.com,74 Oakridge Alley,Dallas,TX,4699836603,432497884
ID000379,Debra Kelly,dkellyai@spotify.com,0 Maywood Street,Dallas,TX,4699262312,204467713
ID000380,Scott Morales,smoralesaj@bing.com,823 Sherman Point,Plano,TX,4698011210,597001738
ID000381,Louise Murphy,lmurphyak@fema.gov,7113 Carpenter Drive,Dallas,TX,4699881773,221706594
ID000382,Jack Cruz,jcruzal@google.com.au,55322 Linden Point,Dallas,TX,4698960110,300485255
ID000383,Teresa Carter,tcarteram@zimbio.com,4757 Kingsford Street,Dallas,TX,2149641732,823597520
ID000384,Eric Flores,efloresan@behance.net,0 Vera Center,Dallas,TX,2148682141,526530309
ID000385,Louis Elliott,lelliottao@mit.edu,02 Jenna Trail,Dallas,TX,9725674117,996226511
ID000386,Nicholas Evans,nevansap@patch.com,13 Russell Lane,Dallas,TX,2149753027,688127828
ID000387,Evelyn Bailey,ebaileyaq@bbc.co.uk,77832 West Park,Dallas,TX,9729789540,389899874
ID000388,Arthur Ray,arayar@canalblog.com,3079 Donald Point,Dallas,TX,4697542762,614079273
ID000389,Shawn Burns,sburnsas@feedburner.com,51 Nelson Plaza,Dallas,TX,4699788065,189818299
ID000390,Henry Wallace,hwallaceat@list-manage.com,4139 Spaight Road,Richardson,TX,9725248949,874300223
ID000391,Kathy Garcia,kgarciaau@imdb.com,3657 Anhalt Trail,Richardson,TX,4698678069,841428500
ID000392,Kenneth Sanchez,ksanchezav@ibm.com,06600 Utah Crossing,Dallas,TX,9728100694,933686811
ID000393,Carl Bishop,cbishopaw@artisteer.com,01 Goodland Junction,Dallas,TX,4697923214,124811894
ID000394,Harry Tucker,htuckerax@yellowbook.com,8 Waubesa Parkway,Dallas,TX,2149254392,255450108
ID000395,Christopher Marshall,cmarshallay@liveinternet.ru,34693 Warbler Junction,Plano,TX,2146463142,694431375
ID000396,Russell Murphy,rmurphyaz@shutterfly.com,9552 Mandrake Center,Dallas,TX,2148433552,405109736
ID000397,Jessica Carr,jcarrb0@goo.gl,9 Sutteridge Pass,Dallas,TX,4699499851,752918139
ID000398,Cheryl Moore,cmooreb1@tinypic.com,0 2nd Plaza,Dallas,TX,9722720101,324707021
ID000399,Lori Carroll,lcarrollb2@usa.gov,879 Clarendon Alley,Dallas,TX,4699892206,903052325
ID000400,Frank Martin,fmartinb3@slate.com,428 Lindbergh Way,Dallas,TX,9728021808,323483150
ID000401,Joyce Allen,jallenb4@deviantart.com,5911 Troy Pass,Dallas,TX,4699357570,748297839
ID000402,Philip Gonzalez,pgonzalezb5@cbslocal.com,2 Buhler Street,Dallas,TX,2149412219,203923954
ID000403,Nicole Bell,nbellb6@delicious.com,69 Manitowish Lane,Dallas,TX,2149017334,483932540
ID000404,Joseph Perry,jperryb7@so-net.ne.jp,45 Judy Trail,Dallas,TX,2149382436,235141141
ID000405,Doris Peterson,dpetersonb8@engadget.com,56 Oxford Avenue,Dallas,TX,2149562812,138499901
ID000406,Gregory Marshall,gmarshallb9@narod.ru,17 Eastwood Terrace,Dallas,TX,2148240301,311513288
ID000407,Virginia Kelly,vkellyba@qq.com,37408 Morrow Court,Plano,TX,9728399825,359352008
ID000408,Beverly Hawkins,bhawkinsbb@feedburner.com,0 Hovde Terrace,Dallas,TX,4698141846,608209205
ID000409,Scott Gonzalez,sgonzalezbc@barnesandnoble.com,623 Westend Way,Dallas,TX,4699286396,539337584
ID000410,Paul Mcdonald,pmcdonaldbd@china.com.cn,334 Orin Avenue,Dallas,TX,9729941541,407508210
ID000411,Dennis Duncan,dduncanbe@marriott.com,05 Mitchell Hill,Dallas,TX,4699067817,158214344
ID000412,Mary Ryan,mryanbf@google.ru,24029 Nevada Way,Dallas,TX,4698276766,146557699
ID000413,Victor Smith,vsmithbg@creativecommons.org,0 Helena Point,Dallas,TX,2148283216,870931419
ID000414,Ruby Murray,rmurraybh@europa.eu,4920 Westend Court,Dallas,TX,2148596221,752503597
ID000415,Jean Garza,jgarzabi@dmoz.org,91 Havey Plaza,Plano,TX,9727389037,894844831
ID000416,Andrew Jordan,ajordanbj@umn.edu,38498 Park Meadow Crossing,Dallas,TX,4697621505,327536005
ID000417,Harry Marshall,hmarshallbk@ed.gov,24 Heffernan Crossing,Plano,TX,9729270592,868790477
ID000418,Wayne Franklin,wfranklinbl@instagram.com,35 Continental Alley,Dallas,TX,2147419000,409039079
ID000419,Lillian Gonzalez,lgonzalezbm@123-reg.co.uk,9922 Arkansas Circle,Plano,TX,9728729248,653599039
ID000420,Rachel Bishop,rbishopbn@whitehouse.gov,70227 Vernon Way,Dallas,TX,9727982559,718476143
ID000421,Alan Lynch,alynchbo@dailymail.co.uk,332 Dayton Plaza,Plano,TX,2149308850,841963890
ID000422,Carlos Ray,craybp@cdc.gov,62 Monument Park,Dallas,TX,4699427494,931944929
ID000423,Frank Taylor,ftaylorbq@seesaa.net,5 Lien Center,Dallas,TX,2146215602,720850355
ID000424,Melissa Burton,mburtonbr@yandex.ru,5 Springs Lane,Dallas,TX,4695670603,836238686
ID000425,Anne Nelson,anelsonbs@wp.com,34365 Kropf Park,Dallas,TX,9729041974,999282020
ID000426,Amanda Bailey,abaileybt@macromedia.com,29 Continental Point,Dallas,TX,2148194931,919676865
ID000427,Chris Duncan,cduncanbu@blogspot.com,35 Alpine Avenue,Dallas,TX,2149402965,362099834
ID000428,Elizabeth Gibson,egibsonbv@sitemeter.com,6602 Namekagon Way,Dallas,TX,9728637573,762378033
ID000429,Keith Brown,kbrownbw@slate.com,471 Burning Wood Park,Dallas,TX,2148494296,424501775
ID000430,Karen Sanchez,ksanchezbx@census.gov,71 Old Gate Point,Dallas,TX,2149156512,221742881
ID000431,Marilyn Meyer,mmeyerby@usatoday.com,3981 Lerdahl Point,Dallas,TX,9729565459,467351217
ID000432,Harold Little,hlittlebz@bbc.co.uk,81271 Evergreen Lane,Dallas,TX,4698888096,142418822
ID000433,Henry Dean,hdeanc0@soup.io,4913 Brentwood Center,Dallas,TX,4699502072,626749990
ID000434,Joyce Rivera,jriverac1@indiegogo.com,3 Johnson Pass,Dallas,TX,4699823317,468997446
ID000435,Marie Johnson,mjohnsonc2@cbc.ca,6 Graedel Street,Richardson,TX,9727014623,560851499
ID000436,Aaron Clark,aclarkc3@geocities.com,5169 Bashford Point,Plano,TX,2149314554,650876068
ID000437,Anne Campbell,acampbellc4@163.com,0140 Grover Place,Dallas,TX,2149621673,262558913
ID000438,Janice Garrett,jgarrettc5@i2i.jp,439 Prentice Hill,Dallas,TX,9729111842,691111485
ID000439,Bobby Johnson,bjohnsonc6@histats.com,7 Moulton Crossing,Dallas,TX,4699485326,772978655
ID000440,Fred Welch,fwelchc7@techcrunch.com,0 Lukken Alley,Dallas,TX,2149553447,807937008
ID000441,Laura Chapman,lchapmanc8@google.it,304 Lunder Hill,Richardson,TX,4698235855,464188734
ID000442,Albert Castillo,acastilloc9@shop-pro.jp,2 Beilfuss Center,Dallas,TX,2147050297,307702725
ID000443,Julia Oliver,joliverca@dyndns.org,42421 Farmco Street,Dallas,TX,9727805174,528917558
ID000444,David Russell,drussellcb@mlb.com,57840 Laurel Alley,Dallas,TX,9728527339,408530520
ID000445,Russell Montgomery,rmontgomerycc@clickbank.net,18 Hagan Pass,Dallas,TX,9723896002,520766004
ID000446,Joe Price,jpricecd@google.cn,1 Leroy Park,Dallas,TX,2145279098,660908261
ID000447,Anthony Harrison,aharrisonce@creativecommons.org,7123 Bunker Hill Junction,Dallas,TX,9729702532,799340025
ID000448,Gregory Hudson,ghudsoncf@uol.com.br,42 Park Meadow Park,Dallas,TX,9728839738,870496647
ID000449,Michelle Chapman,mchapmancg@pbs.org,29 Rieder Pass,Dallas,TX,9729117317,707638293
ID000450,Chris Bailey,cbaileych@slashdot.org,8 South Court,Dallas,TX,2149354761,469391386
ID000451,Kevin Wood,kwoodci@php.net,0 Pierstorff Park,Dallas,TX,4698761298,553570780
ID000452,Louise Spencer,lspencercj@edublogs.org,4462 Blaine Avenue,Dallas,TX,2148775122,316436159
ID000453,Ruth Lee,rleeck@geocities.jp,58 Waubesa Avenue,Dallas,TX,4699402041,455512609
ID000454,Carolyn Alexander,calexandercl@washingtonpost.com,634 Judy Pass,Dallas,TX,2148829567,995349938
ID000455,Barbara Rivera,briveracm@illinois.edu,93 North Pass,Dallas,TX,9726967148,149269323
ID000456,Adam Mcdonald,amcdonaldcn@go.com,20734 Beilfuss Park,Dallas,TX,9728467469,889469650
ID000457,Sara Graham,sgrahamco@reverbnation.com,4992 Ridgeview Court,Dallas,TX,4695862569,242321789
ID000458,Henry Spencer,hspencercp@etsy.com,919 7th Plaza,Dallas,TX,2149493097,900931217
ID000459,Lillian Austin,laustincq@ask.com,8 Eagle Crest Way,Richardson,TX,4699802648,669837441
ID000460,Jerry Pierce,jpiercecr@reference.com,16 Charing Cross Center,Dallas,TX,4695463297,989791559
ID000461,Emily Ruiz,eruizcs@google.fr,1 Claremont Junction,Plano,TX,2149615149,336447837
ID000462,Lillian Baker,lbakerct@ft.com,111 Village Plaza,Richardson,TX,4696437532,928580480
ID000463,Ruth Butler,rbutlercu@51.la,41052 Waubesa Lane,Richardson,TX,9727605201,186052080
ID000464,Catherine Welch,cwelchcv@bluehost.com,666 Kim Crossing,Dallas,TX,9728952567,922113673
ID000465,Howard Castillo,hcastillocw@themeforest.net,4069 Oneill Point,Richardson,TX,2143328692,209549222
ID000466,Justin Sanders,jsanderscx@gov.uk,2 Mayer Junction,Plano,TX,2148837551,352509918
ID000467,Ronald Roberts,rrobertscy@stanford.edu,25 South Lane,Dallas,TX,9727031253,651148311
ID000468,Jane Harrison,jharrisoncz@hibu.com,8070 Clarendon Parkway,Dallas,TX,4699070689,724315669
ID000469,Benjamin Grant,bgrantd0@bravesites.com,89750 Kenwood Crossing,Dallas,TX,4699782012,506888490
ID000470,Harry Miller,hmillerd1@google.com,721 High Crossing Court,Dallas,TX,2148679998,581204224
ID000471,Matthew Burke,mburked2@360.cn,735 Toban Park,Plano,TX,9729153614,878060469
ID000472,Christine Chavez,cchavezd3@behance.net,560 Atwood Pass,Dallas,TX,2149376446,246123136
ID000473,Eric Hernandez,ehernandezd4@sohu.com,80149 Haas Court,Dallas,TX,2149051189,938959106
ID000474,Diana Jones,djonesd5@canalblog.com,499 Pearson Junction,Dallas,TX,4698384299,734248047
ID000475,Janet Rice,jriced6@so-net.ne.jp,35291 Bunker Hill Way,Dallas,TX,2142913432,829119179
ID000476,Diane Ruiz,druizd7@webs.com,36 Cambridge Park,Dallas,TX,4698885191,744910994
ID000477,Theresa Russell,trusselld8@ehow.com,589 Northwestern Park,Dallas,TX,2148511236,981131196
ID000478,Wayne Hunt,whuntd9@oracle.com,9818 Westend Center,Plano,TX,4699414660,770005747
ID000479,Virginia Gordon,vgordonda@example.com,76 Tony Road,Dallas,TX,2149138462,842927572
ID000480,Gloria Rice,gricedb@cam.ac.uk,9 Golf View Alley,Dallas,TX,2149209672,737533435
ID000481,Mildred Butler,mbutlerdc@xinhuanet.com,67 Westerfield Avenue,Dallas,TX,4692834838,451562506
ID000482,Debra West,dwestdd@ed.gov,4799 Melody Parkway,Richardson,TX,9729666826,368381777
ID000483,Nancy Wheeler,nwheelerde@microsoft.com,737 Doe Crossing Trail,Dallas,TX,9728983947,199369132
ID000484,Lawrence Stone,lstonedf@tripadvisor.com,8 Darwin Alley,Richardson,TX,2149499916,931762866
ID000485,Rachel Reyes,rreyesdg@tmall.com,6 Anniversary Alley,Richardson,TX,9729396714,371288168
ID000486,Amanda Simpson,asimpsondh@gnu.org,15 Dixon Street,Dallas,TX,9727401910,435694707
ID000487,Lori Carroll,lcarrolldi@networkadvertising.org,213 Forest Point,Dallas,TX,4699588957,235323985
ID000488,Bobby Austin,baustindj@unesco.org,62352 Pankratz Road,Richardson,TX,9729127272,148556625
ID000489,Brenda Carpenter,bcarpenterdk@slashdot.org,6664 Prairie Rose Point,Dallas,TX,2149861471,253356885
ID000490,Sharon Mason,smasondl@google.pl,33 Moulton Lane,Dallas,TX,9729011745,817441979
ID000491,Joshua Ross,jrossdm@netvibes.com,4376 Kropf Road,Dallas,TX,2149154707,639314924
ID000492,Melissa Mccoy,mmccoydn@fc2.com,08770 Moland Lane,Richardson,TX,4699264571,926531333
ID000493,Bobby Kelly,bkellydo@altervista.org,79 Burning Wood Pass,Dallas,TX,2148601350,728549849
ID000494,Jennifer Ortiz,jortizdp@ucoz.com,25989 Mccormick Drive,Dallas,TX,4698747030,846650817
ID000495,Chris Carter,ccarterdq@comsenz.com,50486 Grim Alley,Dallas,TX,4699161204,810704323
ID000496,Christopher Gonzales,cgonzalesdr@arizona.edu,49163 Moose Point,Dallas,TX,2149596901,919266378
ID000497,Albert Gibson,agibsonds@uol.com.br,90 Lillian Trail,Dallas,TX,4699517990,966294430
ID000498,Doris Rose,drosedt@newyorker.com,1891 Melrose Terrace,Richardson,TX,9728494915,435999670
ID000499,Marilyn Jordan,mjordandu@technorati.com,61 Eagle Crest Junction,Richardson,TX,2147963512,416216778
ID000500,Joe Bowman,jbowmandv@marketwatch.com,26225 8th Road,Dallas,TX,9728828221,306680158
ID000501,Denise Price,dpricedw@sfgate.com,46 Knutson Drive,Richardson,TX,9724889450,840123188
ID000502,Evelyn Edwards,eedwardsdx@arstechnica.com,7867 Nancy Park,Dallas,TX,9722091095,332410512
ID000503,Kimberly Hernandez,khernandezdy@parallels.com,2 Buell Drive,Dallas,TX,4697796890,196027403
ID000504,Norma Boyd,nboyddz@hao123.com,35 Service Court,Dallas,TX,9728337491,388551450
ID000505,Sharon Ramos,sramose0@quantcast.com,39 Daystar Hill,Dallas,TX,2148987050,395167095
ID000506,Rachel Riley,rrileye1@wordpress.org,01017 Jay Plaza,Dallas,TX,9728038359,541255056
ID000507,Randy Jenkins,rjenkinse2@mozilla.org,794 Buena Vista Road,Dallas,TX,4698949345,132588039
ID000508,John Clark,jclarke3@linkedin.com,0708 North Terrace,Dallas,TX,4699181359,774384043
ID000509,Ruby Hansen,rhansene4@acquirethisname.com,8756 Wayridge Drive,Dallas,TX,4699414442,495550985
ID000510,Ashley Peters,apeterse5@state.gov,28880 4th Alley,Dallas,TX,9728934339,739909261
ID000511,Albert Garcia,agarciae6@redcross.org,0 Maple Terrace,Plano,TX,9729317094,377638268
ID000512,Clarence Holmes,cholmese7@pinterest.com,291 1st Terrace,Richardson,TX,2149526641,150302288
ID000513,Julie Parker,jparkere8@usnews.com,3377 Dahle Street,Dallas,TX,2148769952,849928312
ID000514,Michael Martinez,mmartineze9@wordpress.org,0967 Melrose Avenue,Dallas,TX,2149358776,953431417
ID000515,William Berry,wberryea@sogou.com,9 Hagan Street,Dallas,TX,2148851966,337868085
ID000516,Gerald Burke,gburkeeb@squarespace.com,5175 Florence Center,Dallas,TX,4699997380,465958833
ID000517,Linda Rodriguez,lrodriguezec@edublogs.org,2427 Reindahl Park,Dallas,TX,9726645725,960839340
ID000518,Terry Stephens,tstephensed@marketwatch.com,27291 Farragut Court,Dallas,TX,9728900078,709911641
ID000519,Timothy Hunt,thuntee@tripadvisor.com,4219 Westport Hill,Richardson,TX,2149501960,423064282
ID000520,Richard Cruz,rcruzef@arizona.edu,813 Darwin Avenue,Dallas,TX,9728892210,622299732
ID000521,Gregory Gomez,ggomezeg@free.fr,3993 American Circle,Dallas,TX,9728678273,631128701
ID000522,Louise Garza,lgarzaeh@naver.com,14760 Bobwhite Terrace,Dallas,TX,4698937918,699590681
ID000523,James Adams,jadamsei@mlb.com,055 Alpine Way,Richardson,TX,9729254501,762638070
ID000524,Victor Gardner,vgardnerej@yahoo.com,12141 Corscot Junction,Dallas,TX,9729622925,149421309
ID000525,Ernest Lane,elaneek@army.mil,66226 Nova Way,Plano,TX,4699996823,531675941
ID000526,Joe Griffin,jgriffinel@google.ca,205 Fuller Plaza,Dallas,TX,4699124055,156631943
ID000527,Sean Kelly,skellyem@typepad.com,3 Gerald Court,Dallas,TX,2149709971,664384205
ID000528,Angela Turner,aturneren@xrea.com,53 Colorado Pass,Plano,TX,4699452673,662877945
ID000529,Jerry Howard,jhowardeo@sohu.com,68198 Monterey Parkway,Dallas,TX,9729363734,678628472
ID000530,Ashley Lopez,alopezep@ucla.edu,405 Hovde Way,Dallas,TX,9729564194,216372770
ID000531,Albert Marshall,amarshalleq@miibeian.gov.cn,933 Claremont Avenue,Dallas,TX,9727718796,302510303
ID000532,Michelle Williams,mwilliamser@ask.com,07 Marquette Road,Dallas,TX,4699217056,194033629
ID000533,Sharon Wells,swellses@youtube.com,23 Twin Pines Parkway,Dallas,TX,9728415472,303318810
ID000534,Doris Gordon,dgordonet@springer.com,358 Pearson Court,Dallas,TX,4699451043,785254186
ID000535,Patricia Long,plongeu@abc.net.au,76 Jana Place,Plano,TX,4697112650,395228160
ID000536,Helen Lee,hleeev@theglobeandmail.com,65137 Summerview Crossing,Dallas,TX,4696568757,374216461
ID000537,Kimberly Collins,kcollinsew@omniture.com,9629 Delaware Crossing,Dallas,TX,4697893606,746771077
ID000538,Mary Dunn,mdunnex@google.ru,6848 Sunbrook Parkway,Dallas,TX,2149612821,376272540
ID000539,Amy Harper,aharperey@hud.gov,5863 Boyd Drive,Dallas,TX,2149883185,756453967
ID000540,Bobby Long,blongez@xrea.com,35 Paget Circle,Plano,TX,2149101295,873253246
ID000541,Sara Young,syoungf0@de.vu,71916 Sherman Point,Plano,TX,9729182624,447508678
ID000542,Kathy Oliver,koliverf1@tinyurl.com,0 Victoria Junction,Dallas,TX,9727848364,303613106
ID000543,Ruby Ray,rrayf2@usatoday.com,17 Hermina Point,Dallas,TX,2149871219,693546232
ID000544,Lori Schmidt,lschmidtf3@1und1.de,181 Rowland Hill,Dallas,TX,4697866455,107164727
ID000545,Raymond Fox,rfoxf4@infoseek.co.jp,1 Farwell Avenue,Dallas,TX,2149860132,160602907
ID000546,Nancy Turner,nturnerf5@timesonline.co.uk,1 Vermont Alley,Dallas,TX,2149844444,192573114
ID000547,Gregory Richards,grichardsf6@google.nl,9 Vidon Street,Dallas,TX,2149115776,214137727
ID000548,Lawrence Perez,lperezf7@dagondesign.com,6441 Derek Junction,Dallas,TX,9729327049,480372448
ID000549,Thomas Pierce,tpiercef8@people.com.cn,73803 Prairieview Alley,Dallas,TX,2148377005,279032319
ID000550,Steve Larson,slarsonf9@economist.com,6 Nobel Trail,Dallas,TX,4698188073,860315301
ID000551,Aaron Coleman,acolemanfa@creativecommons.org,62 Golden Leaf Crossing,Plano,TX,9729657245,375320893
ID000552,Joe Daniels,jdanielsfb@who.int,916 Marcy Way,Richardson,TX,9728527588,335175061
ID000553,Theresa Porter,tporterfc@mozilla.org,8868 Blaine Pass,Dallas,TX,2148412263,273163483
ID000554,Kathleen Crawford,kcrawfordfd@google.es,44 Elmside Place,Dallas,TX,2144662521,690784766
ID000555,Joe Bradley,jbradleyfe@cyberchimps.com,90362 Kipling Plaza,Dallas,TX,2149349993,371489808
ID000556,Paul Jacobs,pjacobsff@typepad.com,512 Tennessee Place,Dallas,TX,2148428747,957050987
ID000557,Andrew Reid,areidfg@yandex.ru,7654 Moland Terrace,Dallas,TX,9726104548,229108054
ID000558,Ralph George,rgeorgefh@squarespace.com,072 Merchant Trail,Dallas,TX,9729176796,714898210
ID000559,Jeremy Brown,jbrownfi@biblegateway.com,2 Old Shore Park,Plano,TX,4699823476,401335380
ID000560,Nicholas Kennedy,nkennedyfj@geocities.com,2067 Jana Parkway,Dallas,TX,2149516843,953585532
ID000561,Ronald Wells,rwellsfk@cbslocal.com,37 Prairieview Parkway,Plano,TX,4696723875,818634715
ID000562,Albert Gilbert,agilbertfl@dion.ne.jp,7169 Scoville Avenue,Dallas,TX,9725997668,984160277
ID000563,Jason Turner,jturnerfm@google.com.hk,208 Summit Park,Dallas,TX,9729197729,762909837
ID000564,Arthur Spencer,aspencerfn@pinterest.com,624 Kropf Terrace,Dallas,TX,4697904776,229266155
ID000565,Bonnie Ray,brayfo@soup.io,20935 Vahlen Pass,Dallas,TX,4696900504,673359377
ID000566,Carol Ryan,cryanfp@boston.com,43 Sloan Avenue,Dallas,TX,4699593742,414826319
ID000567,Kevin Little,klittlefq@nasa.gov,244 Tony Center,Dallas,TX,2148656806,832184025
ID000568,Todd Hall,thallfr@wp.com,3896 Corscot Circle,Dallas,TX,2146237406,562281756
ID000569,Ralph Hart,rhartfs@tamu.edu,16083 Lillian Crossing,Dallas,TX,4699161028,243204627
ID000570,Ruby Martin,rmartinft@omniture.com,6 Merry Trail,Dallas,TX,4697811733,152911428
ID000571,Julia Kim,jkimfu@apache.org,30 Corscot Terrace,Richardson,TX,9728268872,200924036
ID000572,Lawrence Reyes,lreyesfv@t-online.de,70001 Lunder Pass,Plano,TX,4699527199,869202424
ID000573,Ronald Rivera,rriverafw@umn.edu,0 Fuller Trail,Dallas,TX,4699776988,766566664
ID000574,Kenneth Medina,kmedinafx@cocolog-nifty.com,652 Melody Avenue,Dallas,TX,4698152235,966339584
ID000575,Angela Clark,aclarkfy@gravatar.com,916 Elka Place,Dallas,TX,9727269437,761709256
ID000576,Diane Brown,dbrownfz@rakuten.co.jp,4221 Petterle Junction,Plano,TX,9726337951,191210161
ID000577,Jack Ward,jwardg0@ustream.tv,00625 Warner Street,Dallas,TX,9728024440,597211875
ID000578,Roger Powell,rpowellg1@free.fr,48387 Corben Junction,Dallas,TX,2148036520,175990098
ID000579,Rachel Cook,rcookg2@bing.com,214 Eastwood Hill,Dallas,TX,2148623951,541562611
ID000580,Karen Burke,kburkeg3@edublogs.org,09242 Victoria Plaza,Dallas,TX,4698977697,454078145
ID000581,Kimberly Robinson,krobinsong4@blog.com,26233 Oneill Junction,Dallas,TX,2148102174,947351972
ID000582,Samuel Bryant,sbryantg5@about.me,95 Pearson Pass,Dallas,TX,9725096994,679656095
ID000583,Russell Berry,rberryg6@icio.us,27 Moose Plaza,Plano,TX,2149697916,522265924
ID000584,Paula Frazier,pfrazierg7@i2i.jp,713 Havey Court,Dallas,TX,4697047407,624877517
ID000585,Anna Rice,ariceg8@springer.com,9 Lunder Center,Dallas,TX,4699601948,502800344
ID000586,Diane Stanley,dstanleyg9@amazon.com,96 Roth Hill,Richardson,TX,2149558100,385994195
ID000587,Billy Snyder,bsnyderga@i2i.jp,8170 Clarendon Crossing,Dallas,TX,9728838736,678088971
ID000588,Juan Bailey,jbaileygb@japanpost.jp,6 Logan Crossing,Plano,TX,9729549785,850269485
ID000589,Patricia Green,pgreengc@mtv.com,27001 Mayfield Street,Dallas,TX,9728801670,119174689
ID000590,Louise Harrison,lharrisongd@bloomberg.com,4383 Forest Dale Hill,Plano,TX,9725916825,640578903
ID000591,Scott Cunningham,scunninghamge@latimes.com,1312 Kinsman Terrace,Dallas,TX,4699408227,915815067
ID000592,Steve White,swhitegf@fc2.com,57 Vera Lane,Dallas,TX,9725733704,287082149
ID000593,Brandon Jones,bjonesgg@loc.gov,8845 Blackbird Terrace,Dallas,TX,2149828588,915626265
ID000594,Rebecca Reed,rreedgh@google.de,012 Sunbrook Place,Plano,TX,4698001493,622622819
ID000595,Kelly Hawkins,khawkinsgi@prweb.com,517 Bay Crossing,Dallas,TX,9728392019,330901862
ID000596,Kenneth Hudson,khudsongj@rambler.ru,16 Porter Trail,Dallas,TX,9729777399,159374167
ID000597,Tammy Butler,tbutlergk@mtv.com,0897 Amoth Hill,Dallas,TX,2149348616,332962350
ID000598,Steven Lane,slanegl@unc.edu,0185 Hollow Ridge Street,Dallas,TX,2149930045,179136812
ID000599,Jean West,jwestgm@buzzfeed.com,5487 Tomscot Place,Plano,TX,2148144521,640945337
ID000600,Keith Mason,kmasongn@tripadvisor.com,1 Norway Maple Park,Richardson,TX,4692377698,381834152
ID000601,Jose Morales,jmoralesgo@ed.gov,36703 Pennsylvania Center,Dallas,TX,2149368952,480061832
ID000602,Johnny Harris,jharrisgp@apple.com,816 Ramsey Pass,Dallas,TX,2148008878,360262573
ID000603,Harold Romero,hromerogq@trellian.com,864 Clove Plaza,Dallas,TX,9729587058,271803746
ID000604,Jose Phillips,jphillipsgr@wiley.com,726 Farwell Road,Dallas,TX,4699227795,161602246
ID000605,Tina Nguyen,tnguyengs@diigo.com,7814 Fairview Avenue,Dallas,TX,2148582813,968213159
ID000606,Michelle Hill,mhillgt@taobao.com,70 Jana Plaza,Plano,TX,2148054933,994007169
ID000607,Henry Powell,hpowellgu@symantec.com,1 Arapahoe Plaza,Dallas,TX,4698619090,164070343
ID000608,Donna Nelson,dnelsongv@reverbnation.com,4 Homewood Alley,Dallas,TX,4697009754,491057221
ID000609,Louis Perry,lperrygw@hatena.ne.jp,1655 Heffernan Pass,Dallas,TX,2148203573,511954134
ID000610,Paul Lee,pleegx@google.de,41406 Ridge Oak Parkway,Dallas,TX,9728106175,196784374
ID000611,Diana King,dkinggy@bluehost.com,65113 Saint Paul Court,Dallas,TX,9727489174,112602094
ID000612,Evelyn Campbell,ecampbellgz@unblog.fr,68 Mifflin Court,Dallas,TX,2147434130,376036774
ID000613,Louis Howard,lhowardh0@purevolume.com,0 Lyons Park,Dallas,TX,9729413029,277815111
ID000614,Irene Robinson,irobinsonh1@howstuffworks.com,04 Fairfield Parkway,Dallas,TX,4699436537,658051653
ID000615,Alice Armstrong,aarmstrongh2@tumblr.com,7068 Derek Alley,Dallas,TX,2149116490,155872365
ID000616,Eugene Woods,ewoodsh3@mit.edu,56245 Graceland Way,Dallas,TX,9728328839,665028900
ID000617,Louis Taylor,ltaylorh4@bloglines.com,09508 Thackeray Center,Dallas,TX,2149320979,670325349
ID000618,Deborah Owens,dowensh5@domainmarket.com,12322 Hayes Center,Dallas,TX,2149711946,416312379
ID000619,Marilyn Collins,mcollinsh6@booking.com,305 1st Crossing,Dallas,TX,9729274971,346414220
ID000620,Virginia Gonzalez,vgonzalezh7@list-manage.com,03722 Huxley Point,Dallas,TX,2148643430,475067256
ID000621,Helen Ryan,hryanh8@nps.gov,51 Kennedy Parkway,Dallas,TX,2149880720,701285911
ID000622,John Myers,jmyersh9@pen.io,4 Mendota Junction,Dallas,TX,2144370969,646841183
ID000623,Mary Collins,mcollinsha@prweb.com,261 Almo Alley,Dallas,TX,4699875918,748141656
ID000624,Raymond Carter,rcarterhb@dmoz.org,71 Eastwood Way,Dallas,TX,9728910800,802790419
ID000625,Mary Ramos,mramoshc@tripod.com,6 Anderson Lane,Plano,TX,2149890536,124079804
ID000626,Kathy Ferguson,kfergusonhd@hibu.com,20 7th Place,Dallas,TX,2146077944,311305644
ID000627,Clarence Morales,cmoraleshe@joomla.org,4645 Homewood Trail,Plano,TX,2149000324,156048304
ID000628,Teresa Campbell,tcampbellhf@si.edu,0241 Bultman Point,Dallas,TX,2149300030,590287564
ID000629,Roger Nguyen,rnguyenhg@hc360.com,249 Marquette Center,Dallas,TX,9729318604,157330075
ID000630,Phyllis Long,plonghh@cnn.com,9 Bluestem Circle,Dallas,TX,9726617458,326208507
ID000631,Michael Taylor,mtaylorhi@bandcamp.com,18398 Florence Place,Dallas,TX,9728337591,536175051
ID000632,John Watkins,jwatkinshj@webeden.co.uk,1669 Ridgeview Hill,Richardson,TX,2149250299,906452011
ID000633,Carolyn Garcia,cgarciahk@typepad.com,9 Dapin Trail,Dallas,TX,2149202780,336892349
ID000634,Donald Phillips,dphillipshl@google.fr,7 Alpine Alley,Dallas,TX,2148136913,255256148
ID000635,Deborah Watson,dwatsonhm@bluehost.com,75 Carey Parkway,Dallas,TX,4698091498,292880298
ID000636,Annie Shaw,ashawhn@answers.com,66820 Bunting Plaza,Dallas,TX,9729656678,640786255
ID000637,Alan Price,apriceho@tinyurl.com,84 Rutledge Junction,Dallas,TX,9727765854,847478564
ID000638,Kathryn Morrison,kmorrisonhp@oracle.com,59100 Onsgard Crossing,Dallas,TX,9728751440,126263636
ID000639,Christopher Johnson,cjohnsonhq@hp.com,777 Ludington Terrace,Dallas,TX,9726799556,471616333
ID000640,Joshua Bishop,jbishophr@si.edu,0 Grim Place,Dallas,TX,2146005143,439038518
ID000641,Ernest Jones,ejoneshs@liveinternet.ru,8085 Weeping Birch Alley,Dallas,TX,9729481978,391222309
ID000642,Melissa Banks,mbanksht@google.es,578 Reindahl Trail,Dallas,TX,9729932150,897346632
ID000643,Arthur Lane,alanehu@admin.ch,26696 Steensland Court,Plano,TX,2149598756,985722421
ID000644,Joyce Perkins,jperkinshv@nhs.uk,8 Bluestem Park,Dallas,TX,9729425394,325856108
ID000645,Judith Sullivan,jsullivanhw@nifty.com,95194 Badeau Trail,Dallas,TX,9728908729,506851419
ID000646,Billy Johnson,bjohnsonhx@si.edu,95272 Kensington Plaza,Dallas,TX,9728235333,103273706
ID000647,Marie Bell,mbellhy@ucoz.com,74 Anderson Avenue,Dallas,TX,4699910533,378579726
ID000648,Jimmy Ford,jfordhz@cpanel.net,14311 Merchant Court,Dallas,TX,4699373556,764947005
ID000649,Alice Mccoy,amccoyi0@ifeng.com,6 Nelson Avenue,Dallas,TX,4698487697,667375162
ID000650,Richard Matthews,rmatthewsi1@chronoengine.com,121 Warrior Alley,Dallas,TX,9729630887,946025323
ID000651,Daniel Foster,dfosteri2@nymag.com,84 Charing Cross Avenue,Dallas,TX,9728380899,143593681
ID000652,Earl Banks,ebanksi3@theglobeandmail.com,0 Lindbergh Place,Dallas,TX,9729219987,251350397
ID000653,Scott Rogers,srogersi4@reverbnation.com,9 Gulseth Circle,Dallas,TX,4699367824,709471259
ID000654,Richard Baker,rbakeri5@merriam-webster.com,68093 Ridge Oak Junction,Dallas,TX,9729578835,211179786
ID000655,Robin Mcdonald,rmcdonaldi6@unblog.fr,3407 Old Gate Circle,Dallas,TX,9728582976,375179234
ID000656,Victor Riley,vrileyi7@devhub.com,219 Fair Oaks Park,Dallas,TX,2149327141,512450642
ID000657,Anne Lopez,alopezi8@samsung.com,62 Truax Terrace,Dallas,TX,9729878304,727220778
ID000658,Margaret Fisher,mfisheri9@goodreads.com,53744 Prentice Alley,Dallas,TX,4697112192,315715729
ID000659,Amanda Perkins,aperkinsia@360.cn,629 Troy Way,Dallas,TX,9729372368,897194834
ID000660,Linda Perry,lperryib@eepurl.com,83189 Esch Circle,Dallas,TX,2148653742,619765825
ID000661,Wanda Lawrence,wlawrenceic@newsvine.com,6239 Mandrake Alley,Dallas,TX,2147724765,272908955
ID000662,Tina Mitchell,tmitchellid@multiply.com,42613 Pankratz Hill,Dallas,TX,9727918636,100078344
ID000663,Jacqueline Gordon,jgordonie@bloglovin.com,3603 Vernon Junction,Dallas,TX,9729795379,392343414
ID000664,Betty Hunt,bhuntif@yahoo.com,79 Welch Court,Dallas,TX,2146154372,850035811
ID000665,Kevin Webb,kwebbig@aol.com,156 Lukken Lane,Dallas,TX,2149477416,190475767
ID000666,Joshua Evans,jevansih@forbes.com,225 Dixon Center,Richardson,TX,2148824750,529874076
ID000667,Kathleen Peters,kpetersii@ameblo.jp,5024 Park Meadow Park,Dallas,TX,2148382643,836542070
ID000668,Marie Mason,mmasonij@mapy.cz,651 Cody Trail,Dallas,TX,9729188605,265541326
ID000669,Jean Morrison,jmorrisonik@nhs.uk,68 Stuart Parkway,Dallas,TX,9727678868,941126153
ID000670,Daniel Hudson,dhudsonil@networksolutions.com,16609 Oak Valley Plaza,Dallas,TX,2149217666,190478274
ID000671,Judith Dixon,jdixonim@odnoklassniki.ru,8 Almo Court,Dallas,TX,9729082892,318201054
ID000672,Roy Morales,rmoralesin@chronoengine.com,05025 Muir Point,Dallas,TX,9726351013,963642281
ID000673,Justin Marshall,jmarshallio@quantcast.com,972 Crownhardt Circle,Plano,TX,4697786036,531843873
ID000674,Gregory Smith,gsmithip@house.gov,59810 Erie Circle,Dallas,TX,9728680952,635156122
ID000675,Deborah Reed,dreediq@sitemeter.com,426 Swallow Hill,Richardson,TX,2149812497,552290884
ID000676,Pamela King,pkingir@google.es,1754 Pennsylvania Way,Plano,TX,2149890559,578147271
ID000677,Alan Welch,awelchis@biblegateway.com,1102 Magdeline Court,Richardson,TX,4699844212,520659256
ID000678,Samuel Moore,smooreit@sina.com.cn,41307 Grasskamp Drive,Dallas,TX,9728508906,393119047
ID000679,Katherine Holmes,kholmesiu@paypal.com,0 Rowland Avenue,Dallas,TX,9729543190,343726326
ID000680,Harold Williams,hwilliamsiv@paginegialle.it,7576 Vermont Plaza,Dallas,TX,2148897673,900262190
ID000681,Evelyn Nguyen,enguyeniw@marketwatch.com,590 Independence Circle,Dallas,TX,4697467480,133852262
ID000682,Joe Cooper,jcooperix@livejournal.com,1421 Linden Avenue,Plano,TX,4699771179,824554537
ID000683,Helen Fernandez,hfernandeziy@google.ru,70499 Michigan Circle,Dallas,TX,4698318504,784922076
ID000684,Nicholas Gibson,ngibsoniz@ebay.com,2454 Clemons Crossing,Plano,TX,9729063742,151586475
ID000685,Angela Tucker,atuckerj0@who.int,50 Brentwood Crossing,Dallas,TX,9726505349,122748518
ID000686,Amy Washington,awashingtonj1@miibeian.gov.cn,93083 Elka Lane,Dallas,TX,9728172285,917444969
ID000687,Gregory Sanchez,gsanchezj2@psu.edu,230 Briar Crest Road,Dallas,TX,9728608215,688025499
ID000688,Terry Kennedy,tkennedyj3@boston.com,55 Summer Ridge Point,Dallas,TX,2149451527,941812456
ID000689,Charles Bradley,cbradleyj4@nature.com,10 Kenwood Avenue,Dallas,TX,2147634487,370795137
ID000690,Judy Gilbert,jgilbertj5@pinterest.com,0 Roth Alley,Dallas,TX,2149178414,972756100
ID000691,Paul Chapman,pchapmanj6@cam.ac.uk,57011 Reindahl Terrace,Richardson,TX,4699189529,820059916
ID000692,Cheryl Taylor,ctaylorj7@simplemachines.org,4916 Stang Hill,Plano,TX,4696029760,536887676
ID000693,Linda Nelson,lnelsonj8@sphinn.com,46 Lukken Hill,Dallas,TX,2147283594,753824781
ID000694,Edward Harvey,eharveyj9@geocities.com,2989 Leroy Point,Dallas,TX,4699998714,617281448
ID000695,Carolyn Chapman,cchapmanja@topsy.com,9524 Amoth Lane,Dallas,TX,2149472089,735503554
ID000696,Jack Hudson,jhudsonjb@google.cn,2 Claremont Drive,Dallas,TX,9725444023,525502241
ID000697,Adam Gardner,agardnerjc@huffingtonpost.com,907 Corben Alley,Dallas,TX,2145480751,534114411
ID000698,Julia Pierce,jpiercejd@simplemachines.org,8 Heath Avenue,Richardson,TX,4697015525,363389674
ID000699,Janet Robertson,jrobertsonje@blogspot.com,20 Mesta Plaza,Dallas,TX,2148362849,407531627
ID000700,Maria Romero,mromerojf@bandcamp.com,188 Loeprich Drive,Richardson,TX,2148457095,240041102
ID000701,Diana Rogers,drogersjg@paypal.com,58 Welch Place,Dallas,TX,4695026533,472986371
ID000702,Evelyn Carter,ecarterjh@wikia.com,8 Fair Oaks Alley,Plano,TX,4698250017,663090104
ID000703,Bruce Armstrong,barmstrongji@senate.gov,9 Memorial Junction,Plano,TX,2148755764,535555684
ID000704,Janice Matthews,jmatthewsjj@ning.com,967 Mifflin Center,Dallas,TX,4699147781,325184093
ID000705,Mildred Nelson,mnelsonjk@mediafire.com,9598 Union Terrace,Dallas,TX,9724523908,371064026
ID000706,Shawn Robertson,srobertsonjl@list-manage.com,6590 Holy Cross Way,Dallas,TX,9726562026,222633734
ID000707,Elizabeth Tucker,etuckerjm@lulu.com,65 Fulton Court,Dallas,TX,2149876456,276493884
ID000708,Dorothy Harper,dharperjn@icio.us,83 Boyd Center,Dallas,TX,2148271293,122239319
ID000709,Jack Woods,jwoodsjo@nps.gov,10 Crest Line Pass,Dallas,TX,2149429460,323596505
ID000710,Eric Jordan,ejordanjp@oaic.gov.au,154 Redwing Way,Richardson,TX,4699243271,436605376
ID000711,Marilyn Taylor,mtaylorjq@marketwatch.com,57 Farmco Park,Dallas,TX,2148067627,283972577
ID000712,Timothy Edwards,tedwardsjr@addtoany.com,109 Larry Road,Dallas,TX,2149749365,248172518
ID000713,Carol Welch,cwelchjs@apple.com,121 Ohio Road,Dallas,TX,2148210016,637482284
ID000714,Sandra Reed,sreedjt@constantcontact.com,1876 Westend Court,Plano,TX,4698969764,164194566
ID000715,Jason Dunn,jdunnju@sakura.ne.jp,90950 Sherman Way,Richardson,TX,9727126791,498448648
ID000716,Paula Jordan,pjordanjv@va.gov,0 Schurz Lane,Dallas,TX,2149561394,741862253
ID000717,Willie Hernandez,whernandezjw@sakura.ne.jp,46 Bluejay Crossing,Dallas,TX,4698691585,694721725
ID000718,Chris Phillips,cphillipsjx@un.org,2563 Macpherson Avenue,Dallas,TX,2147955477,500830564
ID000719,Juan Hayes,jhayesjy@shinystat.com,5 Melvin Junction,Dallas,TX,4696660063,849331958
ID000720,Helen Lopez,hlopezjz@blogs.com,2 Maryland Park,Richardson,TX,2149048793,398418926
ID000721,Justin Porter,jporterk0@biblegateway.com,66 Lerdahl Street,Dallas,TX,4698200587,642599156
ID000722,Johnny Garcia,jgarciak1@so-net.ne.jp,85 Sloan Street,Dallas,TX,4699621344,236999327
ID000723,Katherine Taylor,ktaylork2@uiuc.edu,00 Carey Alley,Dallas,TX,4697550265,590512989
ID000724,Jacqueline Howell,jhowellk3@yale.edu,30 Meadow Valley Trail,Dallas,TX,9728174256,847744073
ID000725,Earl Richards,erichardsk4@mysql.com,431 Birchwood Court,Dallas,TX,2149594661,743839247
ID000726,Clarence Woods,cwoodsk5@patch.com,7 Schiller Road,Plano,TX,2149131723,482297565
ID000727,Jessica Gonzales,jgonzalesk6@baidu.com,645 Rutledge Road,Dallas,TX,9729383645,209787735
ID000728,Matthew Warren,mwarrenk7@g.co,4561 Texas Lane,Dallas,TX,9729716529,831596111
ID000729,Kathy Smith,ksmithk8@thetimes.co.uk,8726 Packers Parkway,Dallas,TX,2149534343,280985533
ID000730,Keith Collins,kcollinsk9@amazonaws.com,99196 Surrey Court,Dallas,TX,2147887439,925639699
ID000731,Joan Garrett,jgarrettka@ycombinator.com,43 Scoville Pass,Plano,TX,9729547260,556383135
ID000732,Diane Little,dlittlekb@odnoklassniki.ru,11 Donald Road,Plano,TX,4696889174,434718048
ID000733,Wanda Mendoza,wmendozakc@marketwatch.com,34327 Sunbrook Hill,Dallas,TX,4695696125,372723479
ID000734,Martin Nguyen,mnguyenkd@elpais.com,08974 Bowman Way,Dallas,TX,4699967003,657614433
ID000735,Donald Andrews,dandrewske@yandex.ru,8 Kennedy Terrace,Dallas,TX,9728283356,967288561
ID000736,Ruth Weaver,rweaverkf@wiley.com,46239 Kipling Terrace,Dallas,TX,2148024320,895974019
ID000737,Patricia Gilbert,pgilbertkg@nature.com,43 Mariners Cove Center,Dallas,TX,2148147712,469609195
ID000738,Carlos Ford,cfordkh@dell.com,0 Dovetail Avenue,Dallas,TX,2146588568,286875683
ID000739,Louise Arnold,larnoldki@ucoz.ru,55 Mandrake Crossing,Dallas,TX,9729034805,988746162
ID000740,Henry Nichols,hnicholskj@loc.gov,08 Oak Valley Park,Richardson,TX,2149410961,284978780
ID000741,Kathleen Hayes,khayeskk@amazon.com,72 Mcguire Road,Dallas,TX,4698954109,186841844
ID000742,Bonnie Mccoy,bmccoykl@blinklist.com,83175 Cottonwood Way,Dallas,TX,2149132990,458940428
ID000743,Jerry Montgomery,jmontgomerykm@soundcloud.com,10 Northland Plaza,Dallas,TX,2148267806,419298694
ID000744,Jessica Mccoy,jmccoykn@discuz.net,09315 Trailsway Court,Dallas,TX,2149182939,219675666
ID000745,Jean Ryan,jryanko@npr.org,801 Hooker Center,Richardson,TX,2149985831,372210737
ID000746,Joyce Clark,jclarkkp@wp.com,360 Hovde Way,Dallas,TX,4698537767,338735511
ID000747,Marilyn Cruz,mcruzkq@yandex.ru,4 Esker Plaza,Dallas,TX,4699477763,593871261
ID000748,Christine Young,cyoungkr@devhub.com,70 Meadow Valley Pass,Richardson,TX,9729897753,132702552
ID000749,Marie Phillips,mphillipsks@surveymonkey.com,8 Pleasure Drive,Dallas,TX,4696030113,795843330
ID000750,Ann Bryant,abryantkt@sohu.com,451 Sundown Drive,Dallas,TX,2149401980,645657799
ID000751,Bruce Bailey,bbaileyku@amazon.de,1228 Warner Hill,Dallas,TX,9727856558,338605273
ID000752,Julie Fields,jfieldskv@epa.gov,0 Hayes Alley,Dallas,TX,2142265537,171354592
ID000753,Gregory Schmidt,gschmidtkw@odnoklassniki.ru,998 Merchant Circle,Dallas,TX,9729908419,872377791
ID000754,Marilyn Ryan,mryankx@abc.net.au,877 Forster Lane,Dallas,TX,4699002911,264348300
ID000755,Julia Long,jlongky@tuttocitta.it,472 Forest Trail,Dallas,TX,9729348954,361846572
ID000756,Victor Peterson,vpetersonkz@apple.com,3653 Sage Parkway,Dallas,TX,2149654668,538333604
ID000757,Sara Ruiz,sruizl0@fastcompany.com,75507 Center Way,Richardson,TX,2149888363,294410480
ID000758,Roy Barnes,rbarnesl1@google.com.hk,4505 Transport Drive,Dallas,TX,4695302193,286274771
ID000759,Anthony Carpenter,acarpenterl2@arizona.edu,61 Karstens Plaza,Dallas,TX,2149398741,528823250
ID000760,Jessica Rodriguez,jrodriguezl3@hc360.com,3969 Springview Court,Dallas,TX,4698468175,774662989
ID000761,Craig Carter,ccarterl4@blogger.com,3 Hayes Plaza,Dallas,TX,2149746461,147967903
ID000762,Brandon Ellis,bellisl5@marriott.com,9617 Summit Terrace,Dallas,TX,4697678210,126492208
ID000763,Richard Torres,rtorresl6@google.com.br,19723 Cherokee Drive,Dallas,TX,9729153282,509310770
ID000764,Janet Mcdonald,jmcdonaldl7@linkedin.com,63455 Division Park,Plano,TX,4695862793,335363231
ID000765,Raymond Campbell,rcampbelll8@businesswire.com,495 Mallard Street,Dallas,TX,2148819579,862425821
ID000766,Mark Fields,mfieldsl9@wordpress.com,03 Menomonie Junction,Dallas,TX,9729194515,430934149
ID000767,William Cox,wcoxla@storify.com,2 Veith Junction,Dallas,TX,9728979587,936046604
ID000768,Ruby Hansen,rhansenlb@disqus.com,759 Mandrake Avenue,Dallas,TX,2149121668,795039664
ID000769,Phillip Richards,prichardslc@ycombinator.com,29931 Northridge Trail,Dallas,TX,9727833567,737181574
ID000770,Richard Jordan,rjordanld@thetimes.co.uk,76466 Milwaukee Lane,Dallas,TX,4699987983,286378304
ID000771,Marie Perez,mperezle@mashable.com,38 Summer Ridge Court,Dallas,TX,4696824358,314522705
ID000772,Cheryl Butler,cbutlerlf@wiley.com,68 Maple Court,Dallas,TX,4694482582,574793097
ID000773,Michelle Carpenter,mcarpenterlg@reference.com,99896 New Castle Trail,Dallas,TX,4697800762,835298866
ID000774,Adam Cooper,acooperlh@infoseek.co.jp,74125 Laurel Center,Dallas,TX,2148128288,496599897
ID000775,Nancy Shaw,nshawli@prnewswire.com,347 Oak Plaza,Dallas,TX,2148495837,368199311
ID000776,Ernest Gomez,egomezlj@technorati.com,34530 Donald Pass,Dallas,TX,9729663976,414222220
ID000777,Wanda Wilson,wwilsonlk@globo.com,3 Rockefeller Point,Dallas,TX,2147836562,888893056
ID000778,Melissa Bailey,mbaileyll@jiathis.com,94627 Hoard Parkway,Dallas,TX,9728708953,572708409
ID000779,Clarence Gray,cgraylm@hc360.com,797 Merrick Way,Dallas,TX,9729515685,114715828
ID000780,Janice Hunter,jhunterln@dedecms.com,3 Sheridan Trail,Dallas,TX,9728880899,104433663
ID000781,Raymond Murray,rmurraylo@wiley.com,3083 Crescent Oaks Road,Dallas,TX,9729008986,329053664
ID000782,Bruce Hansen,bhansenlp@dedecms.com,88200 Johnson Alley,Dallas,TX,2148929528,447699321
ID000783,Ryan Mccoy,rmccoylq@ebay.co.uk,27278 American Ash Avenue,Dallas,TX,4697866255,937667915
ID000784,Jerry Fowler,jfowlerlr@plala.or.jp,0 Lighthouse Bay Circle,Dallas,TX,2146533127,764896736
ID000785,Frank Harper,fharperls@g.co,8 Fairview Drive,Dallas,TX,9728108573,134924609
ID000786,George Garza,ggarzalt@smh.com.au,0 Granby Lane,Dallas,TX,4697585662,571081675
ID000787,Sharon Olson,solsonlu@homestead.com,7705 Ridge Oak Plaza,Richardson,TX,9729824528,914591431
ID000788,Kathryn Reed,kreedlv@paginegialle.it,086 Bunker Hill Way,Dallas,TX,9729372108,310912067
ID000789,Randy Weaver,rweaverlw@1und1.de,5 Del Mar Junction,Richardson,TX,2148537737,925522771
ID000790,Linda Washington,lwashingtonlx@example.com,8122 Sachtjen Circle,Richardson,TX,9729145391,193137825
ID000791,Elizabeth Anderson,eandersonly@github.io,80 Dunning Circle,Dallas,TX,4698814443,799374997
ID000792,Henry Kim,hkimlz@shareasale.com,9861 Elmside Crossing,Dallas,TX,2149129599,981698236
ID000793,Earl Morales,emoralesm0@wiley.com,16 Manley Pass,Dallas,TX,2146510786,124228351
ID000794,Howard Ford,hfordm1@sfgate.com,31553 5th Place,Richardson,TX,9729407458,980981968
ID000795,Tammy Fox,tfoxm2@1688.com,29405 Hauk Road,Dallas,TX,2149973240,486259016
ID000796,Sarah Hicks,shicksm3@goodreads.com,38 Lighthouse Bay Pass,Plano,TX,2149019314,765536457
ID000797,Diana Montgomery,dmontgomerym4@google.nl,2 Welch Parkway,Dallas,TX,2146036856,750876481
ID000798,Joan Boyd,jboydm5@example.com,393 School Plaza,Dallas,TX,4698829965,796844632
ID000799,Barbara Simmons,bsimmonsm6@google.cn,678 Barnett Point,Dallas,TX,4694157518,944129610
ID000800,Keith Carroll,kcarrollm7@live.com,46912 Veith Place,Dallas,TX,2148212150,604148118
ID000801,Ruby Bryant,rbryantm8@cpanel.net,0502 Dorton Place,Dallas,TX,2145832918,554707857
ID000802,Andrew Holmes,aholmesm9@photobucket.com,87963 Darwin Plaza,Dallas,TX,4699935278,968078691
ID000803,Juan King,jkingma@delicious.com,3344 Schlimgen Point,Dallas,TX,9728233180,848011355
ID000804,Michael Warren,mwarrenmb@wsj.com,1 Northwestern Road,Dallas,TX,4699120181,522567195
ID000805,Randy Wagner,rwagnermc@tripadvisor.com,28585 Iowa Pass,Richardson,TX,9729818393,263496672
ID000806,Jose Kelly,jkellymd@histats.com,088 Cambridge Trail,Plano,TX,9728329963,916962811
ID000807,Peter Ford,pfordme@scientificamerican.com,3 Boyd Point,Dallas,TX,2149782937,304185907
ID000808,Peter Edwards,pedwardsmf@theguardian.com,70349 Hallows Way,Richardson,TX,2149916626,381333107
ID000809,Louise Peters,lpetersmg@boston.com,79475 Morrow Pass,Dallas,TX,9729024551,211110916
ID000810,Stephanie Perry,sperrymh@webmd.com,08750 Forest Dale Road,Dallas,TX,2148999004,343230976
ID000811,Lawrence Adams,ladamsmi@fema.gov,38 Forster Terrace,Dallas,TX,2149258866,792444178
ID000812,Gregory Hansen,ghansenmj@tinyurl.com,419 Longview Trail,Plano,TX,4698998651,443862495
ID000813,Ralph Medina,rmedinamk@harvard.edu,74 High Crossing Lane,Plano,TX,4699539007,797381593
ID000814,Joan Cooper,jcooperml@dailymotion.com,52 Fremont Road,Dallas,TX,9728420287,223838666
ID000815,Karen George,kgeorgemm@google.com.br,560 Menomonie Plaza,Dallas,TX,4695513026,732676734
ID000816,Theresa Cunningham,tcunninghammn@utexas.edu,8148 Florence Drive,Dallas,TX,4698616774,639561250
ID000817,Dennis Young,dyoungmo@hexun.com,378 Carberry Place,Dallas,TX,2146022841,506617033
ID000818,Joseph Castillo,jcastillomp@nps.gov,4 Surrey Park,Dallas,TX,4699160494,789558630
ID000819,Eugene Fisher,efishermq@github.io,977 Gina Junction,Dallas,TX,9729265775,100439457
ID000820,Elizabeth Medina,emedinamr@sphinn.com,044 Prentice Center,Plano,TX,9729697931,622930486
ID000821,Joyce Arnold,jarnoldms@twitter.com,48306 Moulton Plaza,Plano,TX,9729588893,236058310
ID000822,William Ramos,wramosmt@cafepress.com,20 Red Cloud Trail,Richardson,TX,9729502750,294259318
ID000823,Billy Reed,breedmu@liveinternet.ru,2 Loftsgordon Alley,Dallas,TX,9728530282,317842700
ID000824,Scott Carr,scarrmv@house.gov,9 Memorial Place,Dallas,TX,4699795007,802257025
ID000825,Doris Carpenter,dcarpentermw@163.com,55093 Bunting Pass,Dallas,TX,9724136984,713062568
ID000826,Aaron Kennedy,akennedymx@indiatimes.com,51078 Fisk Parkway,Dallas,TX,2149005041,863244380
ID000827,Eugene George,egeorgemy@yolasite.com,32186 Katie Park,Dallas,TX,4696427160,957882521
ID000828,Marilyn Washington,mwashingtonmz@discuz.net,7639 Northfield Park,Dallas,TX,2145310051,971597462
ID000829,Sara Patterson,spattersonn0@ezinearticles.com,938 Vermont Crossing,Dallas,TX,9728715585,778112383
ID000830,Samuel Henry,shenryn1@arizona.edu,031 Hintze Terrace,Dallas,TX,9728253266,432345988
ID000831,Phillip Kennedy,pkennedyn2@friendfeed.com,41 Leroy Center,Dallas,TX,4699950612,110875003
ID000832,Robin Welch,rwelchn3@a8.net,4 Texas Trail,Dallas,TX,9727782143,862953192
ID000833,Rose Garrett,rgarrettn4@google.pl,2384 Carey Road,Plano,TX,2148605621,639001709
ID000834,Rebecca Meyer,rmeyern5@123-reg.co.uk,38 Nelson Lane,Plano,TX,9729362303,687267934
ID000835,Michelle Reid,mreidn6@dyndns.org,7 Sunbrook Circle,Dallas,TX,4699412469,648001339
ID000836,Judy Rice,jricen7@e-recht24.de,49031 Saint Paul Avenue,Dallas,TX,4699351827,362560347
ID000837,Kevin Carroll,kcarrolln8@pagesperso-orange.fr,36 Jana Lane,Dallas,TX,4699640568,840088767
ID000838,Kathryn Owens,kowensn9@delicious.com,664 Clemons Hill,Dallas,TX,2148122116,268142587
ID000839,Brian Elliott,belliottna@va.gov,28 Graedel Hill,Dallas,TX,9728573817,211965010
ID000840,Keith Alvarez,kalvareznb@google.ca,73423 Mallard Park,Dallas,TX,9729853882,704935430
ID000841,Christopher Hamilton,chamiltonnc@yandex.ru,42 Johnson Place,Plano,TX,9727565173,493280872
ID000842,Mildred Washington,mwashingtonnd@virginia.edu,093 Reindahl Alley,Dallas,TX,4698635699,104872254
ID000843,Maria Patterson,mpattersonne@hibu.com,435 Mockingbird Road,Dallas,TX,2146894556,634960779
ID000844,Tammy Romero,tromeronf@businesswire.com,77652 Quincy Junction,Dallas,TX,4696535925,973880017
ID000845,Shirley Ellis,sellisng@arstechnica.com,74 Boyd Circle,Dallas,TX,4699202738,701063601
ID000846,Gerald Carter,gcarternh@wisc.edu,6829 Aberg Park,Dallas,TX,2149941903,948864146
ID000847,Sandra Diaz,sdiazni@cornell.edu,73631 Arapahoe Plaza,Dallas,TX,2148323930,405843532
ID000848,Joyce Miller,jmillernj@scribd.com,2 Annamark Center,Dallas,TX,9729616545,648261008
ID000849,Edward Freeman,efreemannk@ning.com,415 Di Loreto Plaza,Plano,TX,9729894204,401787678
ID000850,Willie Griffin,wgriffinnl@dagondesign.com,990 Moland Lane,Dallas,TX,2149288621,138670395
ID000851,Eugene Gibson,egibsonnm@google.ca,11945 Delaware Trail,Dallas,TX,9729544027,576905231
ID000852,Beverly Carroll,bcarrollnn@xing.com,7263 Mariners Cove Park,Dallas,TX,2149177386,511597913
ID000853,Kevin Weaver,kweaverno@bbb.org,9746 Springview Lane,Dallas,TX,4699422408,427262369
ID000854,Diana Collins,dcollinsnp@ca.gov,00 Stoughton Pass,Dallas,TX,9728045134,981700822
ID000855,Melissa Cole,mcolenq@nydailynews.com,405 Lukken Park,Dallas,TX,9727868554,842926012
ID000856,Willie Young,wyoungnr@soup.io,4 Bowman Lane,Dallas,TX,2149284186,842482817
ID000857,Juan Nichols,jnicholsns@cloudflare.com,8095 Grover Point,Dallas,TX,4698043343,420415414
ID000858,Kevin Mason,kmasonnt@google.com.hk,132 Huxley Street,Dallas,TX,4699738133,571346457
ID000859,Ronald Owens,rowensnu@github.com,160 Forster Court,Plano,TX,2149861282,977497404
ID000860,Howard Mason,hmasonnv@gov.uk,725 Shelley Street,Dallas,TX,9728849005,625100221
ID000861,Scott Sullivan,ssullivannw@cornell.edu,3 Dottie Way,Dallas,TX,9728819868,344023503
ID000862,Margaret Payne,mpaynenx@mashable.com,706 Spenser Drive,Plano,TX,9727600404,217529370
ID000863,Ashley Dixon,adixonny@eventbrite.com,07278 Arizona Road,Dallas,TX,9728189660,676283465
ID000864,Marilyn Vasquez,mvasqueznz@hexun.com,85753 Sommers Parkway,Plano,TX,2144358942,927536184
ID000865,Amanda Olson,aolsono0@github.io,2 Thompson Hill,Dallas,TX,9729792331,369132148
ID000866,Heather Fernandez,hfernandezo1@theguardian.com,18106 Beilfuss Way,Dallas,TX,4698547653,275697155
ID000867,Stephanie Diaz,sdiazo2@example.com,52331 Monica Drive,Dallas,TX,2149128213,993114983
ID000868,Roy Kelly,rkellyo3@technorati.com,7053 Old Gate Alley,Dallas,TX,4699748373,867837085
ID000869,Scott Chavez,schavezo4@php.net,3 Kingsford Avenue,Dallas,TX,4699633427,466061410
ID000870,Donna Mitchell,dmitchello5@blogtalkradio.com,4741 Kenwood Junction,Dallas,TX,2149513865,632921297
ID000871,Louis Harris,lharriso6@illinois.edu,2747 Rieder Plaza,Dallas,TX,2148863021,585802785
ID000872,Henry Hansen,hhanseno7@cbslocal.com,2900 Surrey Street,Dallas,TX,2149642420,512233537
ID000873,Kathryn Porter,kportero8@soup.io,53 Dapin Parkway,Dallas,TX,9728448439,772623065
ID000874,Anne Johnson,ajohnsono9@last.fm,20069 Melvin Center,Dallas,TX,2149756054,190887543
ID000875,Todd Taylor,ttayloroa@ted.com,97238 Onsgard Trail,Dallas,TX,2149373241,329184164
ID000876,Julia Fernandez,jfernandezob@tamu.edu,34619 Marcy Crossing,Dallas,TX,9729669920,654195151
ID000877,Craig Robinson,crobinsonoc@oaic.gov.au,30 Sutteridge Point,Dallas,TX,4699190979,591028727
ID000878,Nancy Shaw,nshawod@mapquest.com,5834 Village Crossing,Dallas,TX,2147882516,299370401
ID000879,Lawrence Nichols,lnicholsoe@uol.com.br,6423 Roth Park,Dallas,TX,2149252580,939583158
ID000880,Jimmy Diaz,jdiazof@independent.co.uk,0301 Oriole Lane,Dallas,TX,4694730533,170663784
ID000881,Bobby Mcdonald,bmcdonaldog@technorati.com,3 Scoville Drive,Dallas,TX,9725277603,740804320
ID000882,Jesse Cunningham,jcunninghamoh@yolasite.com,790 Marquette Hill,Dallas,TX,2149367626,953634906
ID000883,Gregory Andrews,gandrewsoi@xinhuanet.com,361 Sachs Crossing,Dallas,TX,2149730715,200600963
ID000884,Tina Rogers,trogersoj@mysql.com,79 Forest Dale Road,Dallas,TX,4699849258,499388289
ID000885,Henry Allen,hallenok@bbb.org,9 Pennsylvania Street,Dallas,TX,9729392237,312188191
ID000886,Carolyn Gordon,cgordonol@icq.com,6 Fuller Avenue,Richardson,TX,4698295466,215991270
ID000887,Louise Hudson,lhudsonom@pinterest.com,04798 Loeprich Alley,Dallas,TX,9729558037,154271288
ID000888,John Vasquez,jvasquezon@mlb.com,52 Darwin Park,Dallas,TX,4699781123,772415591
ID000889,Kathryn Graham,kgrahamoo@dailymotion.com,45 Everett Pass,Dallas,TX,4699213046,888061132
ID000890,Patricia Perkins,pperkinsop@deliciousdays.com,0 Heffernan Drive,Dallas,TX,9729718654,992835801
ID000891,Henry Arnold,harnoldoq@prlog.org,47 Becker Lane,Plano,TX,9724702949,252884550
ID000892,Ruby Bishop,rbishopor@biblegateway.com,5 International Point,Dallas,TX,9729444239,534519042
ID000893,Phyllis Dunn,pdunnos@home.pl,8316 Calypso Court,Dallas,TX,2148350529,292844463
ID000894,Louise Wood,lwoodot@ask.com,000 Mccormick Plaza,Dallas,TX,9729145297,144303599
ID000895,Tammy Shaw,tshawou@pagesperso-orange.fr,0 Carey Parkway,Richardson,TX,2149052378,895441229
ID000896,Eric Rivera,eriveraov@arstechnica.com,466 Tony Circle,Dallas,TX,9729329658,955039519
ID000897,Joe Williams,jwilliamsow@skyrock.com,748 Schlimgen Avenue,Dallas,TX,9728528033,743940520
ID000898,Aaron Snyder,asnyderox@toplist.cz,1 American Ash Avenue,Dallas,TX,2149369743,140100901
ID000899,Louis Clark,lclarkoy@blinklist.com,4284 Norway Maple Lane,Dallas,TX,9728727570,210062715
ID000900,Sarah Chavez,schavezoz@howstuffworks.com,3 Schmedeman Court,Dallas,TX,9725241820,357347649
ID000901,Robin Ellis,rellisp0@posterous.com,67445 Dunning Lane,Richardson,TX,9728661973,427388763
ID000902,Jessica Davis,jdavisp1@t-online.de,12957 Independence Drive,Plano,TX,9728425888,315418687
ID000903,Lillian Stone,lstonep2@goo.ne.jp,919 Judy Way,Dallas,TX,9728512126,829971624
ID000904,Ruth Stanley,rstanleyp3@trellian.com,1 Warrior Pass,Dallas,TX,9729110228,347889624
ID000905,Jesse Duncan,jduncanp4@foxnews.com,7787 Haas Hill,Dallas,TX,9726839815,840391806
ID000906,Lori Hunter,lhunterp5@about.com,39 Swallow Place,Richardson,TX,4696424787,637534929
ID000907,Tammy Robinson,trobinsonp6@economist.com,0378 Longview Plaza,Dallas,TX,4699332520,136043559
ID000908,James Dunn,jdunnp7@meetup.com,2 Luster Hill,Dallas,TX,2148499192,713246764
ID000909,Earl White,ewhitep8@slashdot.org,3645 Ramsey Place,Dallas,TX,9729368134,414662512
ID000910,Jeremy Rogers,jrogersp9@squarespace.com,91121 Moulton Plaza,Plano,TX,4698428404,613216220
ID000911,Earl Chapman,echapmanpa@telegraph.co.uk,45 Moulton Junction,Dallas,TX,9729977819,733946852
ID000912,Dorothy Miller,dmillerpb@wp.com,52 Hazelcrest Crossing,Dallas,TX,2148033680,606730914
ID000913,Anna Lopez,alopezpc@google.pl,49 3rd Terrace,Dallas,TX,2149594100,154973290
ID000914,Gary Fuller,gfullerpd@shop-pro.jp,59 Macpherson Crossing,Dallas,TX,2149689302,369654229
ID000915,Angela Nguyen,anguyenpe@163.com,45542 Rutledge Avenue,Dallas,TX,2149780162,507572316
ID000916,Paula Frazier,pfrazierpf@jigsy.com,916 Maywood Court,Plano,TX,2149341206,325170156
ID000917,Daniel Johnson,djohnsonpg@is.gd,76702 Caliangt Circle,Dallas,TX,4698288109,866100944
ID000918,Raymond Burke,rburkeph@arstechnica.com,3001 Corscot Drive,Dallas,TX,4697490551,650993347
ID000919,Anna Flores,aflorespi@mozilla.com,730 Vera Avenue,Dallas,TX,2148209633,417253686
ID000920,Kathleen Reed,kreedpj@craigslist.org,89 Tomscot Street,Dallas,TX,2149410107,128675708
ID000921,Linda Garcia,lgarciapk@imageshack.us,1 Luster Street,Dallas,TX,9729101369,412580911
ID000922,Kevin Turner,kturnerpl@washington.edu,3034 Kipling Drive,Dallas,TX,2148358339,312562889
ID000923,Juan Dunn,jdunnpm@wikia.com,18 Oak Drive,Dallas,TX,2148570040,122170911
ID000924,Arthur Lane,alanepn@cargocollective.com,79797 Fieldstone Circle,Richardson,TX,2148480150,548702653
ID000925,Deborah Medina,dmedinapo@sfgate.com,4 Cambridge Park,Dallas,TX,9726795235,922659466
ID000926,Lisa Castillo,lcastillopp@businessweek.com,856 Mitchell Junction,Dallas,TX,4699966025,380746132
ID000927,Louis Rivera,lriverapq@discovery.com,210 Sunfield Trail,Dallas,TX,4699400843,148763309
ID000928,Catherine Hunt,chuntpr@mashable.com,241 Gulseth Crossing,Dallas,TX,4699296433,648419002
ID000929,Bobby Gomez,bgomezps@parallels.com,53 Kipling Place,Richardson,TX,4697478105,253501861
ID000930,Johnny Jenkins,jjenkinspt@homestead.com,6757 Buena Vista Park,Dallas,TX,2147110231,237321975
ID000931,Richard Sanchez,rsanchezpu@bandcamp.com,6 Bonner Road,Dallas,TX,2147898437,304042180
ID000932,Fred Peterson,fpetersonpv@surveymonkey.com,723 Emmet Avenue,Dallas,TX,2149290915,416328500
ID000933,Gerald Jacobs,gjacobspw@statcounter.com,539 Pond Point,Richardson,TX,9729295037,731412008
ID000934,Teresa Perry,tperrypx@google.nl,67 Porter Center,Dallas,TX,4699377720,680371075
ID000935,Joyce Watson,jwatsonpy@businessinsider.com,033 Fieldstone Pass,Dallas,TX,4699761235,358571779
ID000936,Antonio Crawford,acrawfordpz@taobao.com,94232 Hudson Drive,Dallas,TX,4698180847,399118418
ID000937,Shawn Hanson,shansonq0@people.com.cn,88 Prairieview Terrace,Dallas,TX,4697123956,263345944
ID000938,Sandra Hayes,shayesq1@msu.edu,8 Morning Parkway,Dallas,TX,9729011242,871141691
ID000939,Jimmy Garrett,jgarrettq2@etsy.com,43 Clyde Gallagher Terrace,Dallas,TX,9729844957,651258004
ID000940,Antonio Lawrence,alawrenceq3@tripod.com,08482 Merry Alley,Dallas,TX,9728433635,484445282
ID000941,Marie Medina,mmedinaq4@biglobe.ne.jp,7338 Pierstorff Circle,Richardson,TX,4698107312,983140730
ID000942,Juan Allen,jallenq5@themeforest.net,5 Victoria Alley,Dallas,TX,4699792886,716921888
ID000943,Gerald Porter,gporterq6@mozilla.com,11934 Upham Point,Dallas,TX,2147068751,309243620
ID000944,Todd Brooks,tbrooksq7@tuttocitta.it,7838 Moland Plaza,Dallas,TX,4697810440,776604123
ID000945,Jean Rice,jriceq8@chron.com,48712 Mockingbird Road,Dallas,TX,4699355450,679767522
ID000946,Jack Day,jdayq9@jugem.jp,2107 Kipling Plaza,Dallas,TX,2149136444,729596353
ID000947,Amy Woods,awoodsqa@hatena.ne.jp,5 Shoshone Crossing,Dallas,TX,4697734866,628483788
ID000948,Raymond Greene,rgreeneqb@ihg.com,55619 Surrey Plaza,Dallas,TX,4699837473,785132932
ID000949,Arthur Wright,awrightqc@spiegel.de,158 John Wall Street,Dallas,TX,2149415089,101978660
ID000950,Daniel Hunt,dhuntqd@bizjournals.com,13709 Mariners Cove Center,Richardson,TX,9729152723,946466223
ID000951,Julie Hamilton,jhamiltonqe@time.com,6209 Ludington Pass,Dallas,TX,9728127230,481286748
ID000952,Diana Garza,dgarzaqf@free.fr,83139 Warrior Parkway,Dallas,TX,9728724808,864595290
ID000953,Walter Cruz,wcruzqg@vkontakte.ru,463 Hanover Junction,Dallas,TX,9728369111,370111197
ID000954,Mildred Ramirez,mramirezqh@dropbox.com,7 Anderson Lane,Dallas,TX,9728269318,850059666
ID000955,Jean Gilbert,jgilbertqi@webeden.co.uk,769 Colorado Center,Dallas,TX,4698506077,475452130
ID000956,Frances Porter,fporterqj@dion.ne.jp,16 Farwell Park,Dallas,TX,2149586327,704230250
ID000957,Jane Carter,jcarterqk@so-net.ne.jp,746 East Court,Dallas,TX,4698592686,847547019
ID000958,Johnny Perry,jperryql@twitpic.com,5091 Melrose Court,Dallas,TX,4697832541,316402743
ID000959,Donald Powell,dpowellqm@marriott.com,1901 Laurel Pass,Dallas,TX,9729175123,973447229
ID000960,Russell Morales,rmoralesqn@addtoany.com,6 Continental Hill,Dallas,TX,4698331681,597541860
ID000961,Earl Smith,esmithqo@hostgator.com,73 Towne Hill,Dallas,TX,4699195433,853028515
ID000962,Jane Phillips,jphillipsqp@xrea.com,9 Northland Place,Dallas,TX,4699815694,961102631
ID000963,Ruby Black,rblackqq@fotki.com,01580 Main Alley,Dallas,TX,2148396582,340382920
ID000964,Teresa Fernandez,tfernandezqr@google.com.au,50 Arrowood Circle,Richardson,TX,9729187531,650369913
ID000965,Jacqueline Hamilton,jhamiltonqs@washingtonpost.com,792 Burrows Lane,Dallas,TX,9727855033,940615781
ID000966,Anthony Elliott,aelliottqt@uiuc.edu,82 Harper Lane,Dallas,TX,9729426006,136336897
ID000967,Louise Henderson,lhendersonqu@mashable.com,58 Southridge Way,Dallas,TX,4698976813,780323564
ID000968,Lillian Cruz,lcruzqv@wordpress.org,1202 Nevada Crossing,Dallas,TX,4695770003,174470894
ID000969,David Davis,ddavisqw@angelfire.com,6266 Debs Place,Dallas,TX,2148647187,235781401
ID000970,Janice Price,jpriceqx@sina.com.cn,269 Farragut Trail,Dallas,TX,2149419869,919558047
ID000971,Donald Palmer,dpalmerqy@naver.com,12 5th Junction,Richardson,TX,4696774531,687901452
ID000972,Donald Washington,dwashingtonqz@amazon.co.uk,978 Moose Plaza,Dallas,TX,9728447608,535619932
ID000973,Jessica Jones,jjonesr0@wix.com,37 Melrose Court,Richardson,TX,9729060660,328033548
ID000974,Amy Coleman,acolemanr1@microsoft.com,2562 Pond Junction,Dallas,TX,2149547729,608660102
ID000975,Marie Ryan,mryanr2@comcast.net,4287 Canary Center,Dallas,TX,4699244203,894171936
ID000976,Gloria Barnes,gbarnesr3@ask.com,149 Columbus Avenue,Dallas,TX,2147970275,882934808
ID000977,Charles Lawrence,clawrencer4@topsy.com,7 Randy Terrace,Dallas,TX,9728138851,328502075
ID000978,Patricia Hill,phillr5@friendfeed.com,2506 Ridgeway Drive,Richardson,TX,4699329594,179356366
ID000979,Ryan Young,ryoungr6@jalbum.net,40252 Lyons Terrace,Dallas,TX,2147424030,223328250
ID000980,Willie Woods,wwoodsr7@barnesandnoble.com,99 Sunbrook Circle,Dallas,TX,2148102688,504764400
ID000981,Cynthia Webb,cwebbr8@earthlink.net,6016 Leroy Way,Dallas,TX,2149752196,131826807
ID000982,Joyce Cox,jcoxr9@yellowpages.com,5027 Meadow Vale Way,Richardson,TX,9728324867,470800995
ID000983,Debra Kim,dkimra@theatlantic.com,303 Bashford Road,Plano,TX,4697474090,210876619
ID000984,Louise Harrison,lharrisonrb@is.gd,13 American Ash Place,Richardson,TX,2148978864,757760049
ID000985,Douglas Day,ddayrc@tiny.cc,264 Packers Place,Dallas,TX,4698682443,641176232
ID000986,Jane Hughes,jhughesrd@dedecms.com,05 Tony Junction,Dallas,TX,9729639605,690306386
ID000987,Joan Wagner,jwagnerre@indiegogo.com,76837 Heath Trail,Dallas,TX,9728413593,405007979
ID000988,Joyce Gibson,jgibsonrf@trellian.com,0605 Old Shore Avenue,Dallas,TX,4698404916,697505730
ID000989,Paula Harrison,pharrisonrg@ox.ac.uk,7 Swallow Pass,Dallas,TX,4696225174,659023329
ID000990,Bobby Dunn,bdunnrh@intel.com,785 Graedel Place,Plano,TX,9729233432,647369732
ID000991,Bonnie Ross,brossri@tiny.cc,81741 Hallows Plaza,Dallas,TX,2149304665,659275045
ID000992,Dennis Wheeler,dwheelerrj@gov.uk,8321 Mendota Crossing,Dallas,TX,2149327040,923612260
ID000993,Jason Gutierrez,jgutierrezrk@ameblo.jp,7 Pearson Way,Dallas,TX,9729908290,646301413
ID000994,Diana Spencer,dspencerrl@gravatar.com,467 Menomonie Alley,Richardson,TX,9728509653,968117539
ID000995,Jessica Thompson,jthompsonrm@abc.net.au,73 Mandrake Center,Dallas,TX,9727283395,784776035
ID000996,Sean Pierce,spiercern@engadget.com,07 Laurel Park,Dallas,TX,4699873050,468324617
ID000997,Alan Stewart,astewartro@indiegogo.com,74154 Drewry Street,Dallas,TX,4699445061,647495762
ID000998,Janice Robinson,jrobinsonrp@springer.com,7791 Maple Hill,Dallas,TX,9728556553,345589435
ID000999,Barbara Carroll,bcarrollrq@vinaora.com,5989 4th Avenue,Dallas,TX,2149992405,504575850
ID001000,Lori Mccoy,lmccoyrr@mapquest.com,71 Evergreen Crossing,Dallas,TX,9729757324,362546087
